Date;Kilde;Forfatter;NNPF_assosiert
onsdag 19. oktober 2022; https://www.aftenposten.no/norge/i/GMMeK4/russisk-statsborger-arrestert-i-hammerfest-er-soenn-av-putin-alliert ; author: Sofie Grønntun NissenJournalist ; NNPF: Anja Mikkelsen Indbjør
torsdag 13. oktober 2022; https://www.aftenposten.no/norge/i/wAAPko/politiet-har-bedt-om-to-ukers-varetektsfengsling-for-russeren ; author: Adriane Lilleskare LundeJournalist ; NNPF: Anja Mikkelsen Indbjør
onsdag 5. oktober 2022; https://www.aftenposten.no/meninger/kronikk/i/xg8Vd8/rusbrukeres-menneskerettigheter-trenger-bedre-vern ; author: Willy PedersenProfessor, Institutt for sosiologi og samfunnsgeografi, Universitetet i Oslo, og Nova/OsloMet ; NNPF: Geir Evanger
tirsdag 4. oktober 2022; https://www.aftenposten.no/norge/i/KnzadE/droneaktivitet-over-kraftanlegg-i-sirdal ; author: Frida Almåsstø Syrstad ; NNPF: Amund Preede Revheim
søndag 3. juli 2022; https://www.aftenposten.no/norge/i/oW5oBV/to-kvinner-siktet-etter-sian-paakjoersel-sier-de-handlet-i-selvforsvar ; author: Yngvar Gotaas BondeJournalist ; NNPF: Aase Schartum-Hansen
søndag 26. juni 2022; https://www.aftenposten.no/norge/i/k6kwkL/politiet-matapour-nekter-fortsatt-aa-la-seg-avhoere ; author: Aksel B. LindbergJournalist ; NNPF: Brita Cecilie Lilaas-Skari
søndag 26. juni 2022; https://www.aftenposten.no/norge/i/k6kwkL/politiet-matapour-nekter-fortsatt-aa-la-seg-avhoere ; author: Aksel B. LindbergJournalist ; NNPF: Børge Enoksen
fredag 6. mai 2022; https://www.aftenposten.no/norge/i/1O4yyM/det-var-bare-en-forklaring-paa-hvorfor-voksne-ukjente-menn-vipset-penger-til-hans-mindreaarige-datter ; author: Cornelius MunkvikStavanger Aftenblad ; NNPF: Oddgeir Høyekvam
fredag 1. april 2022; https://www.aftenposten.no/amagasinet/i/9KdRKE/ole-jacob-sunde-jeg-fikk-arr-det-er-vel-en-paaminnelse-om-at-det-aa-ta-risiko-kan-ha-konsekvenser ; author: Paal Audestad ; NNPF: Ingrid Sunde
lørdag 19. mars 2022; https://www.aftenposten.no/kultur/i/KzRq7o/bokanmeldelse-naivt-om-ibsens-bruk-av-unge-kvinner ; author: Ingunn Økland ; NNPF: Astrid Sæther
torsdag 13. januar 2022; https://www.aftenposten.no/norge/i/47verV/ekstremvaeret-gyda-flere-ras-og-stengte-veier-flomtopp-ventet-i-natt ; author: NTB ; NNPF: Per Ivar Hovden
onsdag 12. januar 2022; https://www.aftenposten.no/norge/i/MLWk9K/ansatte-i-politidirektoratet-behandlet-pengesoeknader-fra-norsk-narkotikapolitiforening-samtidig-som-de-var-medlemmer ; author: Torkjell J. TrædalJournalist ; NNPF: Jan Erik Bresil
onsdag 29. desember 2021; https://www.aftenposten.no/norge/i/V9e7a3/bilen-kjoerte-utfor-stup-paa-hardangervidda-saa-fant-politiet-narkotika ; author: Per Lindberg ; NNPF: Jan Christian Alvheim
torsdag 23. desember 2021; https://www.aftenposten.no/norge/i/34XK4X/besoeket-fra-noedetatene-gir-barna-ekstra-glede-i-hverdagen ; author: NTB-Jakob Hildrum ; NNPF: Halvor Grønli
onsdag 15. desember 2021; https://www.aftenposten.no/norge/i/JxRJlj/politiet-mener-brannkonstabel-skjoet-og-drepte-sin-egen-familie-foer-brannen-i-svelvik ; author: Hilde LundgaardJournalist ; NNPF: Odd Skei Kostveit
tirsdag 14. desember 2021; https://www.aftenposten.no/meninger/debatt/i/dnjgWq/kort-sagt-onsdag-15-desember ; author: Debattredaksjonen ; NNPF: Anette Gilje
tirsdag 14. desember 2021; https://www.aftenposten.no/meninger/debatt/i/dnjgWq/kort-sagt-onsdag-15-desember ; author: Debattredaksjonen ; NNPF: Heidi Hansen
tirsdag 14. desember 2021; https://www.aftenposten.no/meninger/debatt/i/dnjgWq/kort-sagt-onsdag-15-desember ; author: Debattredaksjonen ; NNPF: Kristin Johansen
tirsdag 14. desember 2021; https://www.aftenposten.no/meninger/debatt/i/dnjgWq/kort-sagt-onsdag-15-desember ; author: Debattredaksjonen ; NNPF: Lene Gustavsen
lørdag 4. desember 2021; https://www.aftenposten.no/norge/i/8QjGzx/vi-sitter-her-og-fryser-politikerne-har-ikke-bakkekontakt ; author: Hilde Wøhni Joakimsen ; NNPF: Frank Salvesen
lørdag 16. oktober 2021; https://www.aftenposten.no/norge/i/wOn0dG/politiet-hypotesen-om-at-han-har-gjort-dette-alene-er-styrket ; author: Sveinung Berg BentzrødJournalist ; NNPF: Per Thomas Omholt
torsdag 1. juli 2021; https://www.aftenposten.no/norge/i/2dR0wv/etterforskning-iverksatt-etter-at-kvinne-ble-funnet-doed-paa-geilo ; author: NTB ; NNPF: Kari Birgit Møllerplass
torsdag 24. juni 2021; https://www.aftenposten.no/norge/i/Lnv6qQ/narkotikanettverk-med-trolig-aarelange-leveranser-til-nord-norge-avdekket ; author: NTB-Jonas Berge ; NNPF: Yngve Myrvoll
søndag 20. juni 2021; https://www.aftenposten.no/norge/i/LnJz8J/politiet-slaar-alarm-om-overgrep-blant-barn-og-ungdom-i-agder-dette-er-sterk-kost-antagelig-sjokkerende-aa-lese ; author: Øystein Tronsli DrabløsJournalist ; NNPF: Kenneth Hjorth Rafaelsen
fredag 11. juni 2021; https://www.aftenposten.no/norge/i/WOnv5j/forsvarer-mener-norsk-politi-dro-ut-paa-fisketur-med-materialet-fra-fbi ; author: Jan Gunnar FurulyJournalist ; NNPF: Odd Skei Kostveit
søndag 23. mai 2021; https://www.aftenposten.no/norge/i/M3OPl5/familiekonflikter-pengeoppgjoer-og-grov-vold-vaepnede-kriminelle-i-bergen-bekymrer-politiet ; author: Hanad Ali ; NNPF: Helge Stave
søndag 23. mai 2021; https://www.aftenposten.no/norge/i/M3OPl5/familiekonflikter-pengeoppgjoer-og-grov-vold-vaepnede-kriminelle-i-bergen-bekymrer-politiet ; author: Hanad Ali ; NNPF: Rune Fremstad
lørdag 8. mai 2021; https://www.aftenposten.no/norge/i/6zJQBo/anna-jeg-ble-behandlet-som-en-hund ; author: Gunnar ThorenfeldtJournalist ; NNPF: Bjarte Schrøen
torsdag 6. mai 2021; https://www.aftenposten.no/norge/i/Ky0qLG/politiet-i-agder-kan-ikke-redegjoere-for-1600-ransakelser ; author: Mona Wikøren ; NNPF: Terje Kaddeberg Skaar
tirsdag 4. mai 2021; https://www.aftenposten.no/norge/i/dlXMzw/politiet-har-paagrepet-og-siktet-ny-mann-etter-toensberg-drapet ; author: NTB-Anders R. Christensen ; NNPF: Fredrik Borg Johannessen
onsdag 28. april 2021; https://www.aftenposten.no/norge/i/kRgLJA/politiet-ble-tilkalt-for-aa-redde-livet-til-tom-arne-nygren-i-stedet-endte-de-med-aa-ransake-leiligheten-og-sikte-ham ; author: Sofie Grønntun NissenJournalist ; NNPF: Terje Kaddeberg Skaar
torsdag 8. april 2021; https://www.aftenposten.no/meninger/kommentar/i/6zQ8X0/er-politiet-en-del-av-loesningen-eller-en-del-av-problemet ; author: Andreas Slettholm ; NNPF: Geir Evanger
tirsdag 23. mars 2021; https://www.aftenposten.no/norge/i/kRdM6X/hun-var-kone-og-mor-i-den-islamske-staten-aktor-mener-hun-maa-doemmes-til-fire-aars-fengsel ; author: Harald Stolt-NielsenJournalist ; NNPF: Geir Evanger
onsdag 24. februar 2021; https://www.aftenposten.no/norge/i/OQjMlA/brannvesenet-begynner-aa-faa-kontroll-paa-brannen-i-risoer ; author: NTB-Ole Henrik Tveten ; NNPF: Per Kristian Lund
lørdag 20. februar 2021; https://www.aftenposten.no/amagasinet/i/JJl3aX/raatt-parti ; author: Robert Veiåker Johansen ; NNPF: Eirik Olsen
onsdag 17. februar 2021; https://www.aftenposten.no/norge/i/kRQxjX/politiet-jenter-i-og-rundt-bergen-selger-nakenbilder-av-seg-selv-noen-skal-ha-tjent-titusenvis-av-kroner ; author: Per Lindberg ; NNPF: Monica Johannesen Mørk
fredag 8. januar 2021; https://www.aftenposten.no/norge/i/Ln6gnV/gjerdrum-paaroerende-ber-om-fortgang-i-letearbeidet ; author: NTB ; NNPF: Karl-Vidar Solberg
mandag 14. desember 2020; https://www.aftenposten.no/amagasinet/i/l1zaQM/Dette-er-de-norske-nettovergriperne ; author: Ingunn Røren ; NNPF: Eivind Borge
mandag 14. desember 2020; https://www.aftenposten.no/amagasinet/i/l1zaQM/Dette-er-de-norske-nettovergriperne ; author: Ingunn Røren ; NNPF: Hilde Reikrås
torsdag 10. desember 2020; https://www.aftenposten.no/norge/i/qAO7E1/kvinne-alvorlig-skadd-etter-aa-ha-kjoert-i-groefta-under-politijakt ; author: NTB ; NNPF: Ottar Steinstø
søndag 6. desember 2020; https://www.aftenposten.no/norge/i/PRRjb0/internasjonal-narkotikaoperasjon-startet-med-en-biltur-til-rena-endte-opp-i-dubai ; author: Frode Sætran ; NNPF: Kjell Arne Karlsen
søndag 6. desember 2020; https://www.aftenposten.no/norge/i/PRRjb0/internasjonal-narkotikaoperasjon-startet-med-en-biltur-til-rena-endte-opp-i-dubai ; author: Frode Sætran ; NNPF: Nora Pedersen
tirsdag 10. november 2020; https://www.aftenposten.no/norge/i/VqqEEW/tre-personer-paagrepet-i-politiaksjon-i-kristiansand ; author: NTB ; NNPF: Morten Sjustøl
mandag 9. november 2020; https://www.aftenposten.no/norge/i/399w4X/slik-vil-hun-bekjempe-gjengene-vil-gjoere-det-lettere-aa-ta-verdier-fra-kriminelle ; author: Marthe Laurendz Jensen ; NNPF: Line Steen Presthus
søndag 8. november 2020; https://www.aftenposten.no/norge/i/qAA4gg/Politiet-har-funnet-Thereses-DNA-profil ; author: NTB ; NNPF: Kjell Johan Abrahamsen
onsdag 28. oktober 2020; https://www.aftenposten.no/norge/i/mBBPJg/doed-mann-funnet-i-volda-sentrum ; author: NTB ; NNPF: Sindre Molnes
mandag 19. oktober 2020; https://www.aftenposten.no/norge/i/x3P06X/doed-person-funnet-i-brannruiner-i-aremark ; author: NTB ; NNPF: Svein Brage Husdal
onsdag 7. oktober 2020; https://www.aftenposten.no/amagasinet/i/l00py/hun-oppdaget-blaamerker-paa-seks-uker-gamle-jakob-saa-gjorde-hun-det-faa-andre-helsesoestre-gjoer ; author: Lene Skogstrøm ; NNPF: Mats Flem Norman
fredag 14. august 2020; https://www.aftenposten.no/norge/i/9vjlQr/tingretten-politiet-faar-fortsatt-ta-beslag-i-tom-hagens-hus-i-loerenskog ; author: NTB ; NNPF: Christer Svane Andersson
fredag 7. august 2020; https://www.aftenposten.no/norge/i/QodvAq/mann-i-50-aarene-doede-etter-paragliderulykke-i-stjoerdal ; author: NTB ; NNPF: Solfrid Lægdheim
tirsdag 21. juli 2020; https://www.aftenposten.no/norge/i/kJA01a/politiet-etterforsker-voldshendelse-med-oeks-i-sunnfjord-som-drapsforsoek ; author: NTB ; NNPF: Eivind Hellesund
onsdag 15. juli 2020; https://www.aftenposten.no/norge/i/QodRo4/parkeringskaos-ved-preikestolen-folk-ble-bedt-om-aa-snu ; author: Kristian Oftedal Kvendseth ; NNPF: Olaug Bjørnsen
fredag 3. juli 2020; https://www.aftenposten.no/norge/i/pL7EBj/bombegruppen-destruerte-dynamitt-funnet-ved-grimstad ; author: NTB ; NNPF: Eyvind Formo
fredag 26. juni 2020; https://www.aftenposten.no/norge/i/GG4jdl/mann-paagrepet-for-aa-ha-varslet-naboer-om-domfelte-personer ; author: NTB ; NNPF: Kine Wesseltoft
torsdag 18. juni 2020; https://www.aftenposten.no/norge/i/2GQRel/jeg-aapnet-doeren-og-falt-bare-ned-men-min-foerste-tanke-var-barna ; author: Camilla Kilnes ; NNPF: Ellen Maria Brende
mandag 15. juni 2020; https://www.aftenposten.no/norge/i/y3ab8E/En-person-skadet-i-eksplosjon-i-Kristiansand ; author: Christina Stenbek Østtveit ; NNPF: Stian Pauschert
torsdag 21. mai 2020; https://www.aftenposten.no/norge/i/mRkvJl/prisen-paa-hasj-har-skutt-i-vaeret-flere-ungdommer-ber-om-hjelp ; author: 1 av 2Foto: Politiet ; NNPF: Kathrine Sæland Rotseth
onsdag 20. mai 2020; https://www.aftenposten.no/norge/i/8mybVE/politiet-tror-det-er-savnede-oerjan-solum-som-er-funnet ; author: NTB-Steinar Schjetne ; NNPF: Tor Inge Omland
tirsdag 19. mai 2020; https://www.aftenposten.no/norge/i/zGqar5/politiet-vet-ikke-om-noe-kriminelt-har-skjedd-etter-funn-av-doed-mann-i-arendal ; author: NTB-Lars Eide ; NNPF: Tor Inge Omland
søndag 17. mai 2020; https://www.aftenposten.no/norge/i/LAVzEp/mye-ungdomsfyll-og-braak-natt-til-17-mai ; author: NTB-Mette Estep ; NNPF: Toralv Skårland
tirsdag 14. januar 2020; https://www.aftenposten.no/norge/i/rAKpne/funnet-drept-med-stikkskader-fire-menn-siktet-i-dobbeltdrapssaken ; author: Ørjan Torheim ; NNPF: Tore Salvesen
tirsdag 7. januar 2020; https://www.aftenposten.no/norge/i/awd9Q4/mann-doede-etter-trafikkulykke-paa-e6-ved-son ; author: NTB ; NNPF: Svein Brage Husdal
tirsdag 26. november 2019; https://www.aftenposten.no/norge/i/4qQB2R/naa-faar-politiet-et-apparat-som-skal-avsloere-foerere-i-narkotikarus ; author: NTB ; NNPF: Roar Skjelbred Larsen
tirsdag 5. november 2019; https://www.aftenposten.no/norge/i/GGXezm/politiet-mener-toten-drapet-baerer-preg-av-planlegging ; author: NTB ; NNPF: John Eivind Melbye
fredag 11. oktober 2019; https://www.aftenposten.no/norge/i/AdWXR3/aktor-ber-om-ett-aar-og-ti-maaneders-fengsel-for-torpedo ; author: NTB ; NNPF: Terje Nedrebø Michelsen
mandag 16. september 2019; https://www.aftenposten.no/norge/i/MRW5xo/30-evakuert-etter-gassplager-vi-mistenker-at-noen-har-gjort-dette ; author: Erlend Olsbu ; NNPF: Stian Pauschert
onsdag 28. august 2019; https://www.aftenposten.no/meninger/debatt/i/BRq2Je/myndighetene-roter-med-narkotika-torstein-ulseroed ; author: Torstein UlserødJurist, Civita ; NNPF: Hans Martin Skovly
tirsdag 6. august 2019; https://www.aftenposten.no/norge/i/xP7B4R/politiaksjonen-paa-jaren-vi-kunne-ikke-forutse-at-dette-skulle-skje ; author: NTB ; NNPF: Geir Ballangrud Hermansen
søndag 28. juli 2019; https://www.aftenposten.no/norge/i/zGVpkw/norsk-politi-mener-aa-ha-avsloert-storsvindlere-fra-nigeria ; author: Harald Stolt-NielsenJournalist ; NNPF: Alf Almberg
fredag 19. juli 2019; https://www.aftenposten.no/norge/i/3JopwL/daarlig-oppfoersel-paa-byen-blir-dyrere ; author: NTB ; NNPF: Jørgen Ulseth Hoff
mandag 8. juli 2019; https://www.aftenposten.no/norge/i/VbaAdl/mann-siktet-for-grove-nettovergrep-mot-barn-paa-filippinene ; author: Thomas OlsenJournalist ; NNPF: Linn Rognli Hansen
onsdag 12. juni 2019; https://www.aftenposten.no/norge/i/9vrA5d/han-er-en-politimann-i-sin-beste-alder-han-kommer-aldri-mer-til-aa-fange-en-kriminell ; author: Per Anders JohansenJournalist ; NNPF: Roar Andersen
torsdag 30. mai 2019; https://www.aftenposten.no/norge/i/Jo7kjP/politiet-evakuerer-beboere-i-valloe-etter-bombefunn ; author: NTB ; NNPF: Line Andresen Olstad
onsdag 22. mai 2019; https://www.aftenposten.no/norge/i/Jo7yXm/67-personer-er-siktet-og-over-2300-vaapen-beslaglagt-etter-operasjon-bonanza-flere-med-tilknytning-til-forsvaret-og-politiet ; author: Per Annar Holm ; NNPF: Kjell Johan Abrahamsen
onsdag 15. mai 2019; https://www.aftenposten.no/norge/i/K3Gb06/ekspert-om-trine-frantzen-gravingen-svaert-vanskelig-aa-fastslaa-doedsaarsak-15-aar-etter ; author: Per LindbergBergens Tidende ; NNPF: Tore Salvesen
onsdag 15. mai 2019; https://www.aftenposten.no/norge/i/K3Gb06/ekspert-om-trine-frantzen-gravingen-svaert-vanskelig-aa-fastslaa-doedsaarsak-15-aar-etter ; author: Per LindbergBergens Tidende ; NNPF: Trine Frantzen
mandag 1. april 2019; https://www.aftenposten.no/norge/i/na1ORm/mann-i-20-aarene-solgte-katta-i-sekken-paa-finnno-naa-er-han-doemt-til-maaneder-i-fengsel ; author: Per Annar Holm ; NNPF: Magnar Pedersen
onsdag 20. mars 2019; https://www.aftenposten.no/norge/i/0EeoXJ/kripos-aapner-etterforskning-av-dataangrepet-mot-hydro ; author: NTB ; NNPF: Knut Jostein Sætnan
mandag 11. mars 2019; https://www.aftenposten.no/norge/i/G1ow0q/skanner-gravplass-i-soeket-etter-trine-frantzen ; author: Ørjan Torheim ; NNPF: Tore Salvesen
mandag 11. mars 2019; https://www.aftenposten.no/norge/i/G1ow0q/skanner-gravplass-i-soeket-etter-trine-frantzen ; author: Ørjan Torheim ; NNPF: Trine Frantzen
søndag 17. februar 2019; https://www.aftenposten.no/norge/i/QleQb8/to-nye-paagrepet-etter-drapet-i-bergen-til-sammen-tolv-siktet-i-saken ; author: NTB ; NNPF: Tore Salvesen
tirsdag 5. februar 2019; https://www.aftenposten.no/norge/i/3jAXAX/her-stjeler-de-bensinen-foer-de-ender-opp-i-groefta ; author: Marit Horve Reite ; NNPF: John Repstad
søndag 13. januar 2019; https://www.aftenposten.no/amagasinet/i/qnagAg/de-skal-avverge-og-avdekke-drap-kidnappinger-og-mektige-bakmenn-slik-jobber-oslo-politiet-mot-de-tyngste-kriminelle ; author: Harald Stolt-Nielsen ; NNPF: Gjermund Strømve
onsdag 5. desember 2018; https://www.aftenposten.no/norge/i/7lzbX4/narkosak-fra-kjeller-alvorligere-enn-foerst-antatt ; author: og NTB ; NNPF: Camilla Ek Sørensen
tirsdag 4. desember 2018; https://www.aftenposten.no/norge/i/Xw0KW7/harnes-og-betew-frikjent-for-drapsforsoek-paa-onkel-skrue-naa-avgjoer-lagmannsretten-skyldspoersmaalet ; author: og NTB ; NNPF: Geir Evanger
onsdag 21. november 2018; https://www.aftenposten.no/norge/i/p68XvW/naer-dobbelt-saa-mange-narkotikasaker-blant-ungdommer-i-stavanger ; author: Cornelius MunkvikStavanger Aftenblad ; NNPF: Kathrine Sæland Rotseth
torsdag 15. november 2018; https://www.aftenposten.no/norge/i/ddEJdj/politiet-mener-at-flere-russebusser-har-foert-til-mer-russebraak-i-rogaland ; author: og NTB ; NNPF: Kathrine Sæland Rotseth
mandag 29. oktober 2018; https://www.aftenposten.no/amagasinet/i/oRbQaV/stiller-opp-paa-tv-for-aa-gi-oekt-kunnskap-om-den-usynlige-sykdommen ; author: Øyvind Nordli ; NNPF: Kristian Kjærnes
onsdag 10. oktober 2018; https://www.aftenposten.no/norge/i/dde5zX/halvparten-av-politiets-dark-room-gruppe-har-forsvunnet-siden-starten ; author: Ingrid Fredriksen ; NNPF: Hilde Reikrås
onsdag 10. oktober 2018; https://www.aftenposten.no/norge/i/dde5zX/halvparten-av-politiets-dark-room-gruppe-har-forsvunnet-siden-starten ; author: Ingrid Fredriksen ; NNPF: Ida Melbo Øystese
torsdag 27. september 2018; https://www.aftenposten.no/norge/i/G1LAEV/syklist-paakjoert-i-fotgjengerfelt-hentet-av-luftambulanse ; author: og NTB ; NNPF: Jon Terje Stäheli
søndag 16. september 2018; https://www.aftenposten.no/norge/i/7lOjE3/mann-slaatt-bevisstloes-i-oslo-politiet-fant-jernroer ; author: og NTB ; NNPF: Marita Aune
onsdag 12. september 2018; https://www.aftenposten.no/norge/i/vm73jB/varhaug-saken-flere-forsoekte-aa-hjelpe-siktede-foer-drapet ; author: Cornelius MunkvikStavanger Aftenblad ; NNPF: Sigve Espeland
fredag 24. august 2018; https://www.aftenposten.no/norge/i/gPengL/her-paagripes-hasjsmuglerne-gjengmiljoeene-i-oslo-er-blitt-et-nasjonalt-problem-sier-kripos ; author: Harald Stolt-NielsenJournalist ; NNPF: Eivind Borge
tirsdag 14. august 2018; https://www.aftenposten.no/norge/i/m6jEag/volden-paa-ios-politiet-vil-moete-russen-i-oppegaard-og-baerum-ved-skolestart ; author: Frøydis BraathenJournalist ; NNPF: Andreas Bjørnteig
søndag 5. august 2018; https://www.aftenposten.no/norge/i/XwQ4xW/mann-omkom-da-isblokk-loesnet-fra-nigardsbreen ; author: Frode Sætran ; NNPF: Helge Blindheim
søndag 5. august 2018; https://www.aftenposten.no/meninger/debatt/i/KvAj36/kort-sagt-mandag-6-august ; author: Aftenpostens debattredaksjon ; NNPF: Nina Næss
søndag 15. juli 2018; https://www.aftenposten.no/norge/i/J1yA47/paa-en-droey-time-midt-paa-dagen-tok-tre-politimenn-seks-selgere-og-kjoepere-av-hasj-paa-vaterland ; author: Wasim RiazJournalist ; NNPF: Jan Erik Bresil
mandag 9. juli 2018; https://www.aftenposten.no/norge/i/OnA55b/professor-reagerer-paa-politimetoder-i-jakten-paa-festival-cannabis-dette-har-de-neppe-lov-til ; author: Wasim RiazJournalist ; NNPF: Ketil Thue
fredag 29. juni 2018; https://www.aftenposten.no/norge/i/OnAXQV/kripos-betydelig-innfoerselsaare-for-narkotika-avdekket-knyttet-til-gjengmiljoe-i-oslo ; author: Hans O. TorgersenJournalist ; NNPF: Eivind Borge
fredag 29. juni 2018; https://www.aftenposten.no/norge/i/m64xXO/doed-person-funnet-paa-karmoey ; author: og NTB ; NNPF: Lene Steinsnes Eide
torsdag 10. mai 2018; https://www.aftenposten.no/norge/i/e14E2Q/russebuss-med-37-for-mange-om-bord-enormt-skadepotensial-sier-up-sjef ; author: Ove Heimsvik ; NNPF: Terje Oksnes
søndag 6. mai 2018; https://www.aftenposten.no/norge/i/xREA2G/fire-russ-til-sykehus-etter-overdose-av-ghb ; author: og NTB ; NNPF: Brit Randulff
lørdag 5. mai 2018; https://www.aftenposten.no/norge/i/yvr1Rr/politiet-flere-bortvisninger-fra-stavanger-og-haugesund-enn-fra-kongeparken ; author: og NTB ; NNPF: Brit Randulff
lørdag 5. mai 2018; https://www.aftenposten.no/norge/i/yvr1Rr/politiet-flere-bortvisninger-fra-stavanger-og-haugesund-enn-fra-kongeparken ; author: og NTB ; NNPF: Dyre Antonsen
lørdag 28. april 2018; https://www.aftenposten.no/norge/i/L0gKA9/tenaaringsjenter-avtaler-slaasskamper-seg-imellom ; author: og NTB ; NNPF: Line Granås
torsdag 22. mars 2018; https://www.aftenposten.no/norge/i/yvKLgA/greenpeace-bordet-norsk-borerigg ; author: og NTB ; NNPF: Kurt Inge Hordvik
torsdag 8. februar 2018; https://www.aftenposten.no/karriere/i/8mGrBw/margrete-wiede-aasland-snakket-med-overgripere-i-elleve-aar-men-en-sak-fikk-det-til-aa-bikke-over ; author: Elise Rønnevig Andersen ; NNPF: Hilde Reikrås
lørdag 3. februar 2018; https://www.aftenposten.no/norge/i/gP60QL/vi-ser-menn-som-jakter-paa-fulle-unge-kvinner ; author: Marianne Nilsen ; NNPF: Bjørn Allan Bull Wingaard
søndag 7. januar 2018; https://www.aftenposten.no/norge/i/xR31BQ/voldsdoemt-maa-gaa-med-elektronisk-fotlenke-nesten-hele-oestfold-blir-forbudt-omraade ; author: Håkon Letvik ; NNPF: Hans Christian Dragvoll
mandag 4. desember 2017; https://www.aftenposten.no/norge/i/p6LWGV/ung-mann-siktet-for-aa-ha-knivstukket-kvinne-paa-bussholdeplass ; author: og NTB ; NNPF: Jane Lundstadsveen
lørdag 2. desember 2017; https://www.aftenposten.no/norge/i/5VJ1ge/trusselvurdering-av-ikt-kriminalitet-politiet-gjoer-noe-men-ikke-nok ; author: Harald Stolt-NielsenJournalist ; NNPF: Thomas Stærk
lørdag 2. desember 2017; https://www.aftenposten.no/norge/i/5VJ1ge/trusselvurdering-av-ikt-kriminalitet-politiet-gjoer-noe-men-ikke-nok ; author: Harald Stolt-NielsenJournalist ; NNPF: Øyvind Buraas
fredag 17. november 2017; https://www.aftenposten.no/norge/i/8r2rW/dette-er-de-nye-narkolangerne-paa-det-moerke-nettet ; author: Trond J. StrømJournalist / researcher ; NNPF: Richard Beck Pedersen
onsdag 15. november 2017; https://www.aftenposten.no/norge/i/wyqqA/barn-sendes-til-utlandet-for-aa-komme-paa-rett-kjoel-men-for-flere-unge-blir-alt-bare-verre-av-det ; author: Thomas OlsenJournalist ; NNPF: Jan Erik Bresil
fredag 10. november 2017; https://www.aftenposten.no/norge/i/l8P5k/politileder-oensker-obligatoriske-foreldremoeter ; author: og NTB ; NNPF: Torbjørn Trommestad
lørdag 16. september 2017; https://www.aftenposten.no/norge/i/za2a5/fem-paagrepet-i-oslo-for-besittelse-av-vaapen-og-narkotika ; author: NTB ; NNPF: Nina Bakken
torsdag 20. juli 2017; https://www.aftenposten.no/norge/i/GVXwV/det-tar-over-to-timer-aa-sette-noen-i-sentralarresten-i-oslo-lokalt-i-baerum-staar-24-celler-tomme-og-ubrukte ; author: Harald Stolt-NielsenJournalist ; NNPF: Stein Olav Bredli
onsdag 14. juni 2017; https://www.aftenposten.no/norge/i/99maq/krever-tre-aar-og-ni-maaneder-for-narkotikasalg-paa-det-moerke-nettet ; author: Trond J. StrømJournalist / researcher ; NNPF: Richard Beck Pedersen
lørdag 3. juni 2017; https://www.aftenposten.no/norge/i/orXeR/mann-i-60-aarene-funnet-doed-i-sjoeen-ved-stavern ; author: NTB ; NNPF: Tom Richard Skuggedal
torsdag 1. juni 2017; https://www.aftenposten.no/norge/i/84gpA/skal-ha-tjent-nesten-tre-millioner-paa-dop ; author: Jonas Alsaker Vikan ; NNPF: Richard Beck Pedersen
onsdag 19. april 2017; https://www.aftenposten.no/norge/i/5XEm6/15-aaring-funnet-doed-paa-gutterommet-i-oslo-hadde-tatt-syntetisk-dop ; author: NTB ; NNPF: Stein Olav Bredli
onsdag 19. april 2017; https://www.aftenposten.no/norge/i/JmOom/nrk-rumensk-tiggernettverk-haaver-inn-millioner-i-bergen ; author: Christian Nicolaisen ; NNPF: Linda Ervik
fredag 7. april 2017; https://www.aftenposten.no/norge/i/4a5Gq/stor-vaapensamling-fra-krigen-funnet-i-laavevegg-i-nordhordland ; author: Marianne Nilsen ; NNPF: Kurt Inge Hordvik
torsdag 6. april 2017; https://www.aftenposten.no/norge/i/yoQxg/mann-siktet-for-overgrep-mot-flere-barn ; author: Per Lindberg ; NNPF: Kristine Knutsen-Berge
tirsdag 7. mars 2017; https://www.aftenposten.no/norge/i/Bawq0/hasjtrailere-med-ikea-last ; author: Per Annar Holm ; NNPF: Dag Eirik Ekeli
tirsdag 7. mars 2017; https://www.aftenposten.no/norge/i/Bawq0/hasjtrailere-med-ikea-last ; author: Per Annar Holm ; NNPF: Ketil Thue
tirsdag 7. mars 2017; https://www.aftenposten.no/norge/i/Bawq0/hasjtrailere-med-ikea-last ; author: Per Annar Holm ; NNPF: Peter Mehnert
torsdag 2. mars 2017; https://www.aftenposten.no/norge/i/QvPM8/kriminalsjefen-om-eirik-jensen-daeven-han-er-skyldig ; author: Håkon Letvik ; NNPF: Ketil Thue
tirsdag 28. februar 2017; https://www.aftenposten.no/norge/i/Jdn87/hasjregnskapet-felte-cappelens-nettverk ; author: Håkon Letvik ; NNPF: Dag Eirik Ekeli
onsdag 15. februar 2017; https://www.aftenposten.no/norge/i/raLBK/samboerpar-siktet-for-drap-paa-familiemedlem-i-aamli ; author: Eirin Margrethe Fidje ; NNPF: Vanja Bruvoll
torsdag 9. februar 2017; https://www.aftenposten.no/norge/i/wB76A/politiet-e6-vil-vaere-stengt-i-timesvis-etter-hengervelt ; author: Erlend Tro Klette ; NNPF: Jon Andorsen
torsdag 9. februar 2017; https://www.aftenposten.no/norge/i/wB7AM/14-personer-siktet-etter-rekordbeslag-av-narkotika ; author: Eivind Kristensen ; NNPF: John Repstad
mandag 6. februar 2017; https://www.aftenposten.no/norge/i/jyR9z/ektemann-siktet-for-drapsforsoek-skal-ha-gaatt-loes-paa-kona-med-brekkjern ; author: Kjetil Nygaard ; NNPF: Vigleik Fidje
torsdag 12. januar 2017; https://www.aftenposten.no/norge/i/g9WMq/fbi-hacket-seg-inn-paa-norske-datamaskiner ; author: Jonas Vikan ; NNPF: Per Morten Brobakke
torsdag 12. januar 2017; https://www.aftenposten.no/norge/i/g9WMq/fbi-hacket-seg-inn-paa-norske-datamaskiner ; author: Jonas Vikan ; NNPF: Reinert Møster Ottesen
onsdag 11. januar 2017; https://www.aftenposten.no/norge/i/x030X/her-er-millionsummen-politiet-fant-paa-hotellrommet-i-trondheim ; author: Pål Solberg ; NNPF: Dag Eirik Ekeli
onsdag 11. januar 2017; https://www.aftenposten.no/norge/i/x030X/her-er-millionsummen-politiet-fant-paa-hotellrommet-i-trondheim ; author: Pål Solberg ; NNPF: John Torger Konstad
mandag 9. januar 2017; https://www.aftenposten.no/norge/i/Q4lgV/hotellgjest-ble-syk-paa-rommet-laa-det-politiet-mener-er-15-millioner-narkokroner ; author: Pål Solberg ; NNPF: Dag Eirik Ekeli
mandag 9. januar 2017; https://www.aftenposten.no/norge/i/Q4lgV/hotellgjest-ble-syk-paa-rommet-laa-det-politiet-mener-er-15-millioner-narkokroner ; author: Pål Solberg ; NNPF: John Torger Konstad
onsdag 21. desember 2016; https://www.aftenposten.no/norge/i/z2Kaq/ups-nye-supervaapen-mot-rusede-sjaafoerer-slaar-alle-rekorder ; author: Per Lindberg ; NNPF: Terje Oksnes
torsdag 24. november 2016; https://www.aftenposten.no/norge/i/xkBEj/kripos-topp-vi-skjaerer-kun-ned-en-gren-vi-er-ikke-i-naerheten-av-aa-kutte-et-tre-dessverre ; author: Andreas Bakke FossJournalist ; NNPF: Eivind Borge
onsdag 16. november 2016; https://www.aftenposten.no/norge/i/OdpyA/mor-og-soenn-nekter-straffskyld-etter-baaldrapet-i-soendre-land ; author: Per Annar Holm ; NNPF: Johan Petter Bærland
mandag 14. november 2016; https://www.aftenposten.no/norge/i/qgrxO/slakter-nye-politi-uniformer-minner-om-ddr-eller-renholdsarbeidere ; author: Thomas OlsenJournalist ; NNPF: Audun Buseth
fredag 30. september 2016; https://www.aftenposten.no/norge/i/6ggGz/politiet-tromsdal-truet-barn-av-vitner ; author: NTB ; NNPF: Lisbeth Ravlo Backe
fredag 12. august 2016; https://www.aftenposten.no/norge/i/lJA49/kreftsyk-foelte-seg-som-kasteball-i-en-maaned ; author: Tine DommerudJournalist ; NNPF: Merete Haugen
mandag 1. august 2016; https://www.aftenposten.no/norge/i/qkzlg/mann-knivstukket-i-asylmottak-i-hoeyanger ; author: NTB ; NNPF: Malin Skeibrok Ånensen
fredag 8. juli 2016; https://www.aftenposten.no/norge/i/rMVQK/terrordoemt-26-siktet-for-grovt-bedrageri ; author: Olga StokkeJournalist ; NNPF: Anne Cathrine Ingulstad Aga
onsdag 8. juni 2016; https://www.aftenposten.no/norge/i/AlyaE/aktor-cappelens-soenn-maa-doemmes-til-4-aar-og-seks-maaneders-fengsel ; author: Håkon Letvik ; NNPF: Dag Eirik Ekeli
onsdag 8. juni 2016; https://www.aftenposten.no/norge/i/AlyaE/aktor-cappelens-soenn-maa-doemmes-til-4-aar-og-seks-maaneders-fengsel ; author: Håkon Letvik ; NNPF: Janne Danielsen
tirsdag 7. juni 2016; https://www.aftenposten.no/norge/i/QmrzV/cappelens-soenn-innroemmer-heleri-av-34-millioner ; author: Håkon Letvik ; NNPF: Janne Danielsen
mandag 25. april 2016; https://www.aftenposten.no/norge/i/BJ0a0/snoeen-skaper-kaotiske-tilstander-i-soer-norge-og-oesterdalen ; author: Lorns Bjerkan ; NNPF: Kjell Iveland
søndag 3. april 2016; https://www.aftenposten.no/norge/i/l1Aa3/politiet-her-ble-amfetamin-solgt-hver-soendag-klokken-13 ; author: Lene Li Dragland Per Annar Holm ; NNPF: Eivind Borge
søndag 3. april 2016; https://www.aftenposten.no/norge/i/l1Aa3/politiet-her-ble-amfetamin-solgt-hver-soendag-klokken-13 ; author: Lene Li Dragland Per Annar Holm ; NNPF: Henning Fosaas
torsdag 7. januar 2016; https://www.aftenposten.no/norge/i/RjxJ/politiet-etterforsker-om-avvergeplikten-er-brutt-etter-doedsfallet-i-valdres ; author: Steffen Pedersen Øberg ; NNPF: Linn Hilde Fosso
søndag 13. desember 2015; https://www.aftenposten.no/norge/i/lvKA/22-juli-program-i-politiet-nedlagt ; author: Ntb ; NNPF: Audun Buseth
tirsdag 27. oktober 2015; https://www.aftenposten.no/norge/i/34Oe/seks-raad-til-foreldre-foer-ungdommene-skal-paa-fest ; author: Vibeke Buan ; NNPF: Trine Svartås
fredag 23. oktober 2015; https://www.aftenposten.no/norge/i/KanX/silobrann-tar-trolig-flere-dager-aa-slukke ; author: Per Kristian Aale ; NNPF: Raymond Bergli
fredag 23. oktober 2015; https://www.aftenposten.no/norge/i/KanX/silobrann-tar-trolig-flere-dager-aa-slukke ; author: Per Kristian Aale ; NNPF: Tom Sandberg
mandag 17. august 2015; https://www.aftenposten.no/norge/i/vGWj/air-baltic-styrmann-doemt-til-seks-maaneders-fengsel-for-promille ; author: Håkon Letvik ; NNPF: Camilla Ek Sørensen
fredag 10. juli 2015; https://www.aftenposten.no/norge/i/8LL1/lukkede-doerer-i-kristin-saken-frykter-paavirkning-av-vitner ; author: Andreas SlettholmKommentator ; NNPF: Kjell Johan Abrahamsen
fredag 10. juli 2015; https://www.aftenposten.no/norge/i/8LL1/lukkede-doerer-i-kristin-saken-frykter-paavirkning-av-vitner ; author: Andreas SlettholmKommentator ; NNPF: Torje Arneson
tirsdag 7. juli 2015; https://www.aftenposten.no/norge/i/81EA/haandgranat-funnet-i-seilbaat-i-droebak ; author: Andreas SlettholmKommentator ; NNPF: Gisle Lindheim Sveen
torsdag 2. juli 2015; https://www.aftenposten.no/norge/i/zzVb/hundrevis-av-kriminelle-forhold-hvor-barn-under-10-aar-er-involvert ; author: Steffen Pedersen Øberg ; NNPF: Jane Bechmann Dahl
mandag 22. juni 2015; https://www.aftenposten.no/norge/i/kPRv/fem-innroemmelser-fra-den-terrortiltalte-i-retten ; author: Nina Selbo TorsetJournalist ; NNPF: Geir Evanger
tirsdag 9. juni 2015; https://www.aftenposten.no/norge/i/eBkg/narkotikanettverk-avdekket-paa-internett ; author: Ntb ; NNPF: Richard Beck Pedersen
fredag 27. mars 2015; https://www.aftenposten.no/norge/i/O9g1/forsvaret-ikke-vaart-ansvarpst-ikke-vurdert-saken ; author: Sveinung Berg BentzrødJournalist ; NNPF: Tom Inge Tilley Jensen
fredag 2. januar 2015; https://www.aftenposten.no/norge/i/xr4bj/jeg-kan-ikke-tulle-med-ting-jeg-maa-vaere-bevisst-paa-rollen-jeg-har ; author: Øyvind Nordli ; NNPF: Geir Lunde
søndag 14. desember 2014; https://www.aftenposten.no/norge/i/RxQAx/ungdommer-siktet-for-voldtekt-av-16-aaring-paa-lillehammer ; author: Ntb ; NNPF: Jane Lundstadsveen
tirsdag 16. september 2014; https://www.aftenposten.no/norge/i/OnBeO/gustav-45-gjorde-bonusfunn-under-nm-for-narkotikahunder ; author: Arild Færaas ; NNPF: Bjørn Egil Drangevåg
onsdag 13. august 2014; https://www.aftenposten.no/norge/i/8zGw/narkosiktet-koblet-til-kriminelle-nettverk-i-malerbransjen ; author:  ; NNPF: Richard Beck Pedersen
søndag 10. august 2014; https://www.aftenposten.no/norge/i/zL12v/dopingbeslagene-oeker-kraftig-etter-kriminalisering ; author: Andreas Bakke FossJournalist ; NNPF: Kari Frey Solvik
søndag 8. juni 2014; https://www.aftenposten.no/norge/i/Bxlg7/sjekte-sank-22-personer-havnet-i-vannet-i-arendal ; author: Hans O. TorgersenJournalist ; NNPF: Arnt Roger Lyngmyr
onsdag 19. mars 2014; https://www.aftenposten.no/norge/i/7p5K9/kvinne-funnet-doed-mann-kritisk-skadet ; author: Karen TjernshaugenNyhetssjef ; NNPF: Monica Hanø
onsdag 19. mars 2014; https://www.aftenposten.no/norge/i/7p5K9/kvinne-funnet-doed-mann-kritisk-skadet ; author: Karen TjernshaugenNyhetssjef ; NNPF: Morten Ole Pedersen
torsdag 2. januar 2014; https://www.aftenposten.no/norge/i/jPGx0/skjulte-narko-i-juletrafikken ; author: Lene Li Dragland ; NNPF: Line Steen Presthus
torsdag 28. november 2013; https://www.aftenposten.no/meninger/debatt/i/80RW/hold-hasjen-fanget ; author: Jan Erik Bresil ; NNPF: Jan Erik Bresil
tirsdag 22. oktober 2013; https://www.aftenposten.no/norge/i/5Vx71/moette-mannen-som-drepte-faren-under-nokas-ranet ; author: Stavanger Aftenblad ; NNPF: Kjetil Klungland
mandag 7. oktober 2013; https://www.aftenposten.no/norge/i/16nJM/mer-organisert-kriminalitet-men-langt-faerre-blir-tatt ; author: Per Anders JohansenAftenpostens Moskva-korrespondent ; NNPF: Vegar Munthe Ommedal
lørdag 14. september 2013; https://www.aftenposten.no/norge/i/XwLzE/grenseloese-gjengangere ; author: Per Anders JohansenAftenpostens Moskva-korrespondent ; NNPF: Harald Bøhler
fredag 13. september 2013; https://www.aftenposten.no/norge/i/kaqP6/fire-menn-doemt-til-fengsel-etter-brutalt-ran ; author: Erlend Langeland Haugen ; NNPF: Magne Knudsen
tirsdag 20. august 2013; https://www.aftenposten.no/norge/i/l1729/situasjonen-i-huset-ble-bare-verre-og-verre-og-folk-var-livredde-for-ham ; author: Marianne Nilsen ; NNPF: John Lode Roscoe
fredag 14. juni 2013; https://www.aftenposten.no/norge/i/QomXW/politiet-gaar-ut-med-nytt-bilde-av-drapssiktet-og-datteren ; author: Andreas Bakke FossJournalist ; NNPF: Linn Hilde Fosso
torsdag 6. juni 2013; https://www.aftenposten.no/norge/i/awP57/narkohandel-paa-sosiale-medier ; author: Hanne Louise Åkernes ; NNPF: Geir Nerland
torsdag 6. juni 2013; https://www.aftenposten.no/norge/i/awP57/narkohandel-paa-sosiale-medier ; author: Hanne Louise Åkernes ; NNPF: Tone Loftesnes Kornli
tirsdag 23. april 2013; https://www.aftenposten.no/norge/i/XwvRm/stortingsvedtak-ble-satt-til-side-under-narkoaksjon-paa-drammen-vgs ; author: Jørgen Svarstad ; NNPF: Guri Øen
tirsdag 26. mars 2013; https://www.aftenposten.no/norge/i/4z56/kripos-fortviler-over-at-faerre-frivillige-vil-gi-dem-dna-profilen-sin ; author: Arild Færaas ; NNPF: Anne Slåtten
onsdag 6. mars 2013; https://www.aftenposten.no/norge/i/vQrB5/enormt-narkodepot-funnet-naer-togstasjon ; author: Kjell Arne Knutsen ; NNPF: Bjørn Vidar Bollestad
onsdag 6. mars 2013; https://www.aftenposten.no/norge/i/vQrB5/enormt-narkodepot-funnet-naer-togstasjon ; author: Kjell Arne Knutsen ; NNPF: Håvar Undeland
fredag 22. februar 2013; https://www.aftenposten.no/norge/i/BJB0G/nye-politistillinger-kan-foere-til-oppsigelser ; author: Nina Selbo TorsetJournalist ; NNPF: Marius Bækkevar
lørdag 22. desember 2012; https://www.aftenposten.no/norge/i/1kBMW/utenlandske-bander-skjules-av-landsmenn-som-bor-i-lokalmiljoeet ; author: Per Annar Holm ; NNPF: Kjell Johan Abrahamsen
torsdag 19. juli 2012; https://www.aftenposten.no/norge/i/K31b7/kriminelt-miljoe-klipper-av-fingre-og-oerer-som-straff ; author: Per Annar Holm ; NNPF: Kjell Johan Abrahamsen
onsdag 16. mai 2012; https://www.aftenposten.no/norge/i/LAQ2P/22-juli-heltene-hedres-17-mai ; author: Øyvind Bosnes Engen ; NNPF: Kenneth Andre Tunaal
torsdag 29. september 2011; https://www.aftenposten.no/norge/i/3J0ye/kvinne-23-ogsaa-siktet-for-drapet-i-droebak ; author: Per Annar Holm ; NNPF: Hilde Bøch Høyer
tirsdag 12. juli 2011; https://www.aftenposten.no/norge/i/g7b1a/to-unge-menn-doede-etter-baatkollisjon ; author: Per Annar Holm ; NNPF: Line Andresen Olstad
mandag 15. november 2010; https://www.aftenposten.no/norge/i/vQ4kj/unge-romkvinner-er-den-nye-gruppen-gateprostituerte-i-oslo ; author: Elisabeth Rodum ; NNPF: Harald Bøhler
mandag 21. juni 2010; https://www.aftenposten.no/norge/i/zgeO4/naboer-evakuert-etter-brann ; author: Fred C. Gjestad ; NNPF: Henrik Kristmoen
lørdag 22. mai 2010; https://www.aftenposten.no/norge/i/41lAa/40-tatt-i-tidenes-kokainaksjon ; author: Trond Nygard-sture ; NNPF: Tom Throndsen
tirsdag 4. mai 2010; https://www.aftenposten.no/norge/i/86LLA/blinde-hjelper-kreftsyke ; author: Arne Hole ; NNPF: Håkon Gisholt
fredag 9. april 2010; https://www.aftenposten.no/norge/i/dlQeq/det-er-lov-aa-oevelseskjoere ; author: Fvn ; NNPF: Kenneth Fidjeland
mandag 29. mars 2010; https://www.aftenposten.no/norge/i/oAVkg/omsetter-doping-for-flere-hundre-millioner ; author: Andreas Bakke FossJournalist ; NNPF: Askel Rødland
mandag 29. mars 2010; https://www.aftenposten.no/norge/i/eKB6Q/doping-finansierer-narko ; author: Andreas Bakke FossJournalist ; NNPF: Askel Rødland
lørdag 12. desember 2009; https://www.aftenposten.no/norge/i/0KX5E/verstingenes-verste-fiender ; author: Per Annar Holm ; NNPF: Heidi Scisly
onsdag 28. oktober 2009; https://www.aftenposten.no/norge/i/X8V6o/gutt-14-skadet-i-arbeidsulykke ; author: Jon Tufto ; NNPF: Bjørn Harald Aarre-Nilsen
fredag 23. oktober 2009; https://www.aftenposten.no/norge/i/R9gWA/boender-og-samer-krangler-om-reinen ; author: Dag W. Grundseth (foto) ; NNPF: Inger Anita Øvregård
fredag 29. mai 2009; https://www.aftenposten.no/norge/i/yRAX2/etterforsker-fem-taxivoldtekter ; author: Jone Jone Østebø ; NNPF: Kari Marie Kjellstad
søndag 19. april 2009; https://www.aftenposten.no/norge/i/k3aG9/kvinne-alvorlig-skadet-etter-utforkjoering-paa-e6 ; author: Adressa.no ; NNPF: Lisbet Schjelderup
fredag 6. februar 2009; https://www.aftenposten.no/norge/i/O336V/foerste-skole-ut-av-rekken ; author: Forf>suldal ; NNPF: Caroline Josdal
tirsdag 15. juli 2008; https://www.aftenposten.no/norge/i/rWeEe/avfallstank-eksploderte-paa-sotra ; author: Bergens Tidende ; NNPF: Finn Martin Systad
torsdag 10. juli 2008; https://www.aftenposten.no/norge/i/9Ex1q/innhentes-av-fortiden ; author: Forf> ; NNPF: Eldrid Williksen
onsdag 25. juli 2007; https://www.aftenposten.no/norge/i/v5ORl/glad-de-er-hjemme-igjen ; author: Knut H. Leknes ; NNPF: Stine Camilla Johnsen
torsdag 19. april 2007; https://www.aftenposten.no/norge/i/rEnw0/kriminelle-familier-br-styrer-herointrafikken ; author: Kjetil Sæter ; NNPF: Jan Erik Braserud
tirsdag 27. februar 2007; https://www.aftenposten.no/norge/i/7djOv/tenaaringsjente-ble-skambitt-av-rottweiler ; author: Kjetil Kjetil Olsen ; NNPF: Jahn Ove Thorsen
tirsdag 24. oktober 2006; https://www.aftenposten.no/norge/i/ML23o/haaland-jeg-var-aldri-i-tvil-om-aa-skyte ; author: Jone Jone Østebø ; NNPF: Erik Håland
torsdag 24. august 2006; https://www.aftenposten.no/norge/i/Ordx1/tenaaringsjenter-med-daglig-dose-amfetamin ; author: Kristin Solberg ; NNPF: Geir Nerland
torsdag 24. august 2006; https://www.aftenposten.no/norge/i/Ordx1/tenaaringsjenter-med-daglig-dose-amfetamin ; author: Kristin Solberg ; NNPF: Geir Tveit
lørdag 5. august 2006; https://www.aftenposten.no/norge/i/47wpR/det-er-fra-politiet-det-gjelder-ditt-barn ; author: Forf> ; NNPF: Magnus Fuglevik
tirsdag 20. juni 2006; https://www.aftenposten.no/norge/i/dn3dJ/bander-raider-oslo ; author: Forf>jan Tomas Espedal (foto) ; NNPF: Rune Andersen
fredag 16. juni 2006; https://www.aftenposten.no/norge/i/Jx0nJ/ga-narkotika-til-skoleelev ; author: Anders Nordstoga ; NNPF: Lina Gjellerud
mandag 29. mai 2006; https://www.aftenposten.no/norge/i/34yKA/skal-miste-frikort-til-forbrytelser ; author: Forf> ; NNPF: Knut Jostein Sætnan
torsdag 18. mai 2006; https://www.aftenposten.no/norge/i/66LlO/takk-skal-dere-ha ; author: Forf>ingar Storfjell (foto) ; NNPF: Jon Eirik Prytz
mandag 24. oktober 2005; https://www.aftenposten.no/norge/i/qRQk0/profesjonsstrid-om-usynlig-sykdom ; author: Forf>signe Dons (foto) ; NNPF: Anette Gilje
tirsdag 16. august 2005; https://www.aftenposten.no/norge/i/jlwpb/mener-advokat-drev-dobbeltspill ; author: Arild M. Jonassen ; NNPF: Thomas Øye
fredag 22. juli 2005; https://www.aftenposten.no/norge/i/15xGq/toskas-forsvarer-rasende ; author: Kjetil Kjetil Olsen ; NNPF: Thomas Øye
torsdag 31. mars 2005; https://www.aftenposten.no/norge/i/mQdj1/sladrer-paa-tyvfiskere ; author: Forf> ; NNPF: Kenneth Hjorth Rafaelsen
lørdag 12. februar 2005; https://www.aftenposten.no/norge/i/kEPya/13-aar-for-foerde-drapet ; author: Einar Welle ; NNPF: Anne Slåtten
fredag 4. februar 2005; https://www.aftenposten.no/norge/i/EQMrA/13-aars-fengsel-for-foerde-drapet ; author: Morten Andersen ; NNPF: Anne Slåtten
tirsdag 1. februar 2005; https://www.aftenposten.no/norge/i/ve7JX/gikk-paa-pub-i-dameklaer ; author: Morten Andersen ; NNPF: Anne Slåtten
tirsdag 15. juni 2004; https://www.aftenposten.no/norge/i/alWEM/drapsmann-kan-bli-avsloert-i-dag ; author: Forf> ; NNPF: Anne Slåtten
tirsdag 8. juni 2004; https://www.aftenposten.no/norge/i/nQ8en/anne-slaatten-23-ble-drept ; author: Erik TornesDebattredaktør ; NNPF: Anne Slåtten
onsdag 10. desember 2003; https://www.aftenposten.no/norge/i/kwy5k/kaster-klaerne-for-bsk ; author: Forf> ; NNPF: Tone Haugseth
