2004-04-29 08:58:00 ; https://www.nettavisen.no/artikkel/selger-partypakker-med-narkotika/s/12-95-219376 ; author: Ingvill Eriksen ; NNPF: Jan Kampenhøy
2004-08-09 09:51:00 ; https://www.nettavisen.no/artikkel/frikjent-for-knivstikking/s/12-95-262731 ; author: Liv Ekeberg ; NNPF: Monica Hanø
2004-10-08 14:57:00 ; https://www.nettavisen.no/artikkel/slik-ble-han-tatt/s/12-95-288419 ; author: Arne Lutro ; NNPF: Anne Slåtten
2004-10-14 19:30:00 ; https://www.nettavisen.no/artikkel/bombeoffer-han-er-syk/s/12-95-290644 ; author: David Stenerud ; NNPF: Monica Hanø
2004-11-10 10:27:00 ; https://www.nettavisen.no/artikkel/vil-kvotere-kvinnelig-politisjef/s/12-95-300785 ; author: Kari Austefjord ; NNPF: Kjell Magne Tvenge
2005-02-21 13:39:00 ; https://www.nettavisen.no/artikkel/anja-reddet-av-pacemaker/s/12-95-349252 ; author: Bengt Magnus Dyrkorn ; NNPF: Anja Andersen
2005-05-04 12:16:00 ; https://www.nettavisen.no/artikkel/straffen-vil-alltid-vare-for-mild/s/12-95-384479 ; author: Knut Erik  Hareide ; NNPF: Anne Slåtten
2005-08-14 06:33:00 ; https://www.nettavisen.no/artikkel/rune-rudberg-narko-tatt/s/12-95-437112 ; author: David Stenerud ; NNPF: Odd Skei Kostveit
2005-08-17 14:24:00 ; https://www.nettavisen.no/okonomi/jeg-har-hatt-et-helvete/s/12-95-439545 ; author: Øyvind Henriksen ; NNPF: Thomas Øye
2005-11-23 09:46:00 ; https://www.nettavisen.no/artikkel/okt-narkosalg-utenfor-byene/s/12-95-498826 ; author: Christian Bakken ; NNPF: Ketil Thue
2006-01-17 06:07:00 ; https://www.nettavisen.no/artikkel/drapsmann-snakker-ut/s/12-95-535982 ; author: Susanne Berg Hansen ; NNPF: Anne Slåtten
2006-02-02 17:06:00 ; https://www.nettavisen.no/artikkel/far-ikke-flytte-hjem/s/12-95-550553 ; author: Arne Lutro ; NNPF: Bertil Ovesen
2006-10-28 09:54:00 ; https://www.nettavisen.no/artikkel/de-hotteste-pengene-i-europa/s/12-95-775173 ; author: Geir Selvik ; NNPF: Thomas Øye
2006-11-16 05:00:00 ; https://www.nettavisen.no/nyheter/rungende-ja-til-refleks/s/12-95-3422852081 ; author: Ida Schmidt Nygaard
2007-02-05 16:04:00 ; https://www.nettavisen.no/artikkel/familien-begraves-sammen/s/12-95-888332 ; author: Ida Johansson ; NNPF: Thomas Johansen
2007-02-23 12:50:00 ; https://www.nettavisen.no/familie-tatt-i-narkosak/s/12-95-910791 ; author: Jan Frode Bordvik ; NNPF: Trygve Ritland
2007-05-21 12:39:00 ; https://www.nettavisen.no/vif-treneren-beordret-selvmal/s/12-95-1058608 ; author: Thomas Brekke Sæteren ; NNPF: Mads Ivar Brun-Hansen
2007-06-16 21:29:00 ; https://www.nettavisen.no/lett-match-mot-barum/s/12-95-1124364 ; author: Thomas Brekke Sæteren ; NNPF: Mads Ivar Brun-Hansen
2007-09-11 12:48:00 ; https://www.nettavisen.no/turister-dopguides-pa-nettet/s/12-95-1327048 ; author: Birthe Steen Hansen ; NNPF: Rune Fremstad
2007-11-15 05:00:00 ; https://www.nettavisen.no/sport/gullet-glapp/s/12-95-3423029566 ; author: Are Kolstad
2008-01-29 07:18:00 ; https://www.nettavisen.no/artikkel/jente-2-lop-pa-stolpe-dode/s/12-95-1565803 ; author: Heidi Schei Lilleås ; NNPF: Bente Selstad Hansen
2008-02-08 08:07:00 ; https://www.nettavisen.no/artikkel/har-ti-som-ligner-lommemannen/s/12-95-1589591 ; author: Jørgen Berge ; NNPF: Jorid Kile
2008-02-21 08:20:00 ; https://www.nettavisen.no/artikkel/rektor-sendte-nakenbilde/s/12-95-1618956 ; author: Trond Lepperød ; NNPF: Børge Enoksen
2008-05-30 04:00:00 ; https://www.nettavisen.no/sport/endre-elsker-a-sla-erkerivalen/s/12-95-3422826589 ; author: Are Kolstad
2008-06-06 13:25:00 ; https://www.nettavisen.no/artikkel/omkom-i-traktorulykke-i-forde/s/12-95-1965902 ; author: Trond Lepperød ; NNPF: Odd Helge Vågseth
2008-07-21 15:09:00 ; https://www.nettavisen.no/artikkel/lanekassen-straffer-oss/s/12-95-2081108 ; author: Lars Joakim Skarvøy ; NNPF: Marie Ingeborg Espe
2009-01-06 12:36:00 ; https://www.nettavisen.no/sport/lyn-spiller-operert/s/12-95-2492142 ; author: Dag Langerød ; NNPF: Endre Fotland Knudsen
2009-02-05 22:53:00 ; https://www.nettavisen.no/nyheter/razzia-etter-sexspaning/s/12-95-2530393 ; author: Lars Joakim Skarvøy ; NNPF: Harald Bøhler
2009-03-10 13:06:00 ; https://www.nettavisen.no/rune-denstad-langlo/plukket-ut-av-de-niro/s/12-95-2570769 ; author: Vibeke Johnsen ; NNPF: Rune Denstad
2009-04-01 06:32:00 ; https://www.nettavisen.no/artikkel/mange-ofre-vil-bli-skuffet/s/12-95-2593078 ; author: Kjetil Mæland ; NNPF: Jorid Kile
2009-08-13 22:09:00 ; https://www.nettavisen.no/nyheter/mc-forer-omkom-pa-e18/s/12-95-2685295 ; author: Øyvind Ludt ; NNPF: Kristin Bjelkemyr-Østvang
2009-08-25 12:17:00 ; https://www.nettavisen.no/nyheter/jeg-er-glad-han-er-tatt/s/12-95-2692913 ; author: Morten Ø. Karlsen ; NNPF: Kjetil Klungland
2009-08-25 17:20:00 ; https://www.nettavisen.no/nyheter/stjernemegler-stemplet-for-innsidehandel/s/12-95-2693218 ; author: Kjetil Mæland ; NNPF: Robert Jacobsen
2009-10-20 07:00:00 ; https://www.nettavisen.no/na24/kjell-erik-eilertsen/oystein-stray-spetalen/rokke-kritiker-forlater-spetalen/s/12-95-2735182 ; author: André Clark Utvik ; NNPF: Erik Eilertsen
2010-05-12 14:27:00 ; https://www.nettavisen.no/nyheter/viser-de-morkeste-sidene-av-sykdommen/s/12-95-3422887869 ; author: Tekst: Kari Klepp ; NNPF: Anette Gilje
2010-07-10 09:04:00 ; https://www.nettavisen.no/artikkel/karoline-har-sommerens-drommejobb/s/12-95-2940241 ; author: Magnus Blaker ; NNPF: Karoline Andreassen
2010-09-15 07:04:00 ; https://www.nettavisen.no/nyheter/understellet-pa-fly-knakk-under-landing/s/12-95-2984017 ; author: Jørgen Berge ; NNPF: Bente Bygdås
2010-09-22 15:21:00 ; https://www.nettavisen.no/nyheter/oppbevarte-vapenarsenal-i-eget-hjem/s/12-95-2989696 ; author: Ole Jonny Eriksrud Hansen ; NNPF: Vegard Sandland
2010-10-16 12:45:00 ; https://www.nettavisen.no/nyheter/44-tatt-i-narkoaksjon/s/12-95-3006319 ; author: Jørgen Berge ; NNPF: Hanne Bernhardsen
2010-11-06 11:54:00 ; https://www.nettavisen.no/nyheter/69-pagrepet-i-koordinert-narkoaksjon/s/12-95-3022127 ; author: Kjetil Mæland ; NNPF: Espen Sandvold
2011-03-04 13:57:00 ; https://www.nettavisen.no/nyheter/heroin-beslag-i-millionklassen/s/12-95-3104012 ; author: Thomas Rud ; NNPF: Kay Lund-Pettersen
2011-03-09 22:39:00 ; https://www.nettavisen.no/nyheter/24-aring-forsokte-a-brenne-hasj/s/12-95-3107485 ; author: Thomas Rud ; NNPF: Gunnar Foseid
2011-03-23 22:00:00 ; https://www.nettavisen.no/nyheter/geir-tveit-er-arets-mest-forebyggende-politimann/s/12-95-3422890238 ; author: Pegah Niku ; NNPF: Geir Tveit
2011-06-09 10:43:00 ; https://www.nettavisen.no/nyheter/se-hva-politiet-fant-i-mc-klubben/s/12-95-3167545 ; author: Trond Lepperød ; NNPF: Torje Arneson
2011-08-04 12:58:00 ; https://www.nettavisen.no/nyheter/sa-urettferdig-sa-uendelig-trist/s/12-95-3202469 ; author: Trond Lepperød ; NNPF: Marianne Sandvik
2012-01-17 17:26:00 ; https://www.nettavisen.no/nyheter/far-ikke-lonn-overvakes-og-nektes-a-slutte/s/12-95-3315122 ; author: Anders Røeggen ; NNPF: Linda Håland
2012-05-04 18:02:00 ; https://www.nettavisen.no/nyheter/jobber-sammen-for-a-trygge-ungdomsmiljoet/s/12-95-3423090889 ; author: Øystein Dahl Johansen ; NNPF: Jane Bechmann Dahl
2012-08-30 21:43:00 ; https://www.nettavisen.no/nyheter/ser-ut-som-godteri-kan-knuse-psyken-din/s/12-95-3457708 ; author: Henrik Arneberg ; NNPF: Elisabeth Drange
2012-08-30 21:43:00 ; https://www.nettavisen.no/nyheter/ser-ut-som-godteri-kan-knuse-psyken-din/s/12-95-3457708 ; author: Henrik Arneberg ; NNPF: Kari Frey Solvik
2012-10-15 20:03:00 ; https://www.nettavisen.no/nyheter/88-personer-pagrepet-i-storstilt-narkoaksjon/s/12-95-3493601 ; author: Erik Pettersen ; NNPF: Vidar Aasvangen
2013-02-01 17:13:00 ; https://www.nettavisen.no/nyheter/jeg-har-drept-ham-men-det-var-ikke-meningen/s/12-95-3562530 ; author: Henrik Arneberg ; NNPF: Ole Magnus Jensen
2013-02-14 20:00:00 ; https://www.nettavisen.no/nyheter/oslojenter-er-mest-deprimert/s/12-95-3423105503 ; author: Cathrine Brynildsen ; NNPF: Brit Ellen Hindrum
2013-02-28 11:05:00 ; https://www.nettavisen.no/nyheter/etterforskning-gjorde-ham-til-selvmordskandidat/s/12-95-3577737 ; author: Kjetil Mæland ; NNPF: Henrik Storjord Ramstad
2013-03-02 11:17:00 ; https://www.nettavisen.no/artikkel/politiet-fikk-rollen-som-kjeltring/s/12-95-3577810 ; author: Kjetil Mæland ; NNPF: Henrik Storjord Ramstad
2013-03-12 17:36:00 ; https://www.nettavisen.no/rune-denstad-langlo/marie-blokhus/jag-etter-vind/lagde-liste-over-tabuer/s/12-95-3585363 ; author: Vibeke Johnsen ; NNPF: Rune Denstad
2013-04-08 10:59:00 ; https://www.nettavisen.no/nyheter/15-aring-solgte-hasj-til-12-aringer-pa-facebook/s/12-95-3603331 ; author: Christian Bakken ; NNPF: Tone Loftesnes Kornli
2013-04-30 15:25:00 ; https://www.nettavisen.no/nyheter/menn-laner-ut-kjarestene-til-sex/s/12-95-3617865 ; author: Christian Bakken ; NNPF: Espen Sandvold
2013-05-07 16:33:00 ; https://www.nettavisen.no/nyheter/antallet-utlendinger-i-norske-fengsler-tredoblet-pa-ti-ar/s/12-95-3620783 ; author: Kjetil Mæland ; NNPF: Hege Naustdal
2013-05-07 16:33:00 ; https://www.nettavisen.no/nyheter/antallet-utlendinger-i-norske-fengsler-tredoblet-pa-ti-ar/s/12-95-3620783 ; author: Kjetil Mæland ; NNPF: Kai Arild Holm
2013-07-11 08:04:00 ; https://www.nettavisen.no/artikkel/frustrerte-fordi-de-ikke-har-vapen/s/12-95-3648093 ; author: Jørgen Berge ; NNPF: Kristin Aga
2013-08-02 16:26:00 ; https://www.nettavisen.no/artikkel/jente-19-dode-etter-n-tablett/s/12-95-3657933 ; author: Alexander Winger ; NNPF: Henning Fosaas
2013-08-10 15:51:00 ; https://www.nettavisen.no/tonje-borge-istad/drommekroppen-2013/trening/glem-zumba-tren-styrke/s/12-95-3659940 ; author: Lars Wærstad ; NNPF: Tonje Borge Istad
2013-11-12 15:45:00 ; https://www.nettavisen.no/nyheter/36-aring-mistenkt-for-bombetrusler/s/12-95-3710803 ; author: Henrik Arneberg ; NNPF: Svein Brage Husdal
2013-12-18 12:59:00 ; https://www.nettavisen.no/etterlatte-fortviler-gravlys-stjalet-fra-pappas-grav/s/12-95-3729502 ; author: Bjørn Skomakerstuen ; NNPF: Halgeir Rushfeldt
2014-02-10 02:26:00 ; https://www.nettavisen.no/sport/per-egil-riddervold-senket-fyllingenbergen/s/12-95-3423117898 ; author: ANDREAS LINDBÆK ; NNPF: Per Egil Riddervold
2014-02-11 21:29:00 ; https://www.nettavisen.no/nyheter/politijurister-slutter-i-fleng-saker-ma-henlegges/s/12-95-3423118010 ; author: Camilla Svendsen ; NNPF: Henning Holtaas
2014-03-17 06:06:00 ; https://www.nettavisen.no/okokrim-inn-i-johnsen-oil-saken/s/12-95-5177223 ; author: Niels Ruben Ravnaas ; NNPF: Johnny Helle
2014-03-23 11:43:00 ; https://www.nettavisen.no/thomas-oye-skulle-selge-johnsen-oil-aksjer-for-60-millioner/s/12-95-5180248 ; author: Ole Eikeland ; NNPF: Thomas Øye
2014-04-07 05:24:00 ; https://www.nettavisen.no/nyheter/politiet-mener-kriminelle-asylsokere-bloffer-om-alder/s/12-95-5186710 ; author: NTB ; NNPF: Tone Loftesnes Kornli
2014-06-20 13:34:00 ; https://www.nettavisen.no/nyheter/de-yngste-narko-kjoperne-er-13-ar/s/12-95-8457608 ; author: Marit Orø/Ringerikes Blad ; NNPF: Mads Holmern
2014-09-19 13:20:00 ; https://www.nettavisen.no/her-slar-narkopolitiet-til-pa-videregaende/s/12-95-8487912 ; author: Camilla Svendsen ; NNPF: Lone Strand
2014-09-19 13:20:00 ; https://www.nettavisen.no/her-slar-narkopolitiet-til-pa-videregaende/s/12-95-8487912 ; author: Camilla Svendsen ; NNPF: Torill Borøchstein
2014-09-22 16:18:00 ; https://www.nettavisen.no/nyheter/narkopolitiet-slo-til-pa-hellerud/s/12-95-3423126730 ; author: Camilla Svendsen ; NNPF: Lone Strand
2014-09-22 16:18:00 ; https://www.nettavisen.no/nyheter/narkopolitiet-slo-til-pa-hellerud/s/12-95-3423126730 ; author: Camilla Svendsen ; NNPF: Torill Borøchstein
2014-09-26 10:56:00 ; https://www.nettavisen.no/nyheter/her-selger-tiggerne-piller/s/12-95-8490771 ; author: Frode Olsen/Rogalands Avis ; NNPF: Vegard Sandland
2014-10-05 12:47:00 ; https://www.nettavisen.no/artikkel/mann-siktet-for-utpressing-og-drapstrusler/s/12-95-8494120 ; author: NTB ; NNPF: Torfinn Halvari
2014-10-10 09:02:00 ; https://www.nettavisen.no/nyheter/lynet-slo-ned-og-startet-brann-vinduer-og-dorer-ble-blast-ut/s/12-95-8496065 ; author: Øyvind Skavhellen/Tønsbergs Blad ; NNPF: Line Andresen Olstad
2014-10-25 13:39:00 ; https://www.nettavisen.no/nyheter/har-du-funnet-noen-av-disse-gjenstandene-i-hjemmet-bor-du-reagere/s/12-95-8501933 ; author: Niels Ruben Ravnaas ; NNPF: Anita Hermandsen
2014-11-15 21:04:00 ; https://www.nettavisen.no/nyheter/aksjonister-hevder-de-stjal-rex-2/s/12-95-8509716 ; author: Lars Fogelstrand ; NNPF: Sveinung Lillerud
2014-12-02 12:49:00 ; https://www.nettavisen.no/nyheter/gar-ikke-pa-deg-som-person-men-at-du-er-av-taterfolket/s/12-95-8516265 ; author: Rolf Nordberg/Glomdalen ; NNPF: Ann Elisabeth Billa
2015-02-17 17:23:00 ; https://www.nettavisen.no/artikkel/politiaksjon-mot-flere-spisesteder-pa-gjovik-og-toten/s/12-95-8543754 ; author: Morten Høitomt/Oppland Arbeiderblad ; NNPF: Johan Petter Bærland
2015-03-06 13:26:00 ; https://www.nettavisen.no/nyheter/fredrik-johannessen-lie-19-forsvant-forste-nyttarsdag-foreldrene-har-fortsatt-ikke-gitt-opp-kampen-om-a-finne-ham/s/12-95-8551431 ; author: Linda Nilsen og Mads Trellevik/Bergensavisen ; NNPF: Trine Frantzen
2015-05-06 07:20:00 ; https://www.nettavisen.no/artikkel/sonnen-ble-tatt-for-a-kjore-snoscooter-uten-gyldig-forerkort-faren-fikk-bot/s/12-95-3422783888 ; author: Alexander Kjønsø Karlsen/Avisa Nordland ; NNPF: Heidi Kløkstad
2015-06-01 11:59:00 ; https://www.nettavisen.no/artikkel/trobbel-med-trefall-pa-fylkesvei-ferrari-truffet-av-tre/s/12-95-3422793727 ; author: Helge Mathisen og Trond Eivind Nilsen/Smaalenenes Avis ; NNPF: Gisle Lindheim Sveen
2015-06-09 13:45:00 ; https://www.nettavisen.no/nyheter/fire-pagrepet-for-nettsalg-av-narkotika/s/12-95-3422797737 ; author: NTB ; NNPF: Richard Beck Pedersen
2015-07-14 07:31:00 ; https://www.nettavisen.no/nyheter/leteaksjon-etter-antatt-omkommet-i-kautokeino/s/12-95-3422809165 ; author: NTB ; NNPF: Anders Bjørke-Olssen
2015-08-26 22:57:00 ; https://www.nettavisen.no/artikkel/bekrefter-hemmelighet-vi-var-kjarester/s/12-95-3422932118 ; author: Anders Bakkerud Larsen ; NNPF: Anja Andersen
2015-09-10 17:44:00 ; https://www.nettavisen.no/nyheter/14-arig-gutt-tilstar-drap-pa-14-arig-jente/s/12-95-3423134196 ; author: NTB ; NNPF: Terje Kaddeberg Skaar
2015-09-20 14:48:00 ; https://www.nettavisen.no/nyheter/venstrepolitiker-pa-facebook-jeg-ble-utsatt-for-overgrep/s/12-95-3423137308 ; author: Maria Schiller Tønnessen ; NNPF: Jon Erland Fløgstad
2015-09-21 19:00:00 ; https://www.nettavisen.no/nyheter/dode-i-arbeidsulykke/s/12-95-3423138524 ; author: Kjetil Mæland ; NNPF: Tom Richard Skuggedal
2015-09-25 07:12:00 ; https://www.nettavisen.no/artikkel/mann-fikk-voldsalarm-etter-a-ha-forklart-seg-om-brutalt-boligangrep-i-tromsdal-sak/s/12-95-3423139885 ; author: Farid Ighoubah ; NNPF: Lisbeth Ravlo Backe
2015-12-24 12:47:00 ; https://www.nettavisen.no/nyheter/politiets-nye-verktoy-har-fatt-en-pangstart/s/12-95-3423174219 ; author: Mats Myredal/Bergensavisen ; NNPF: Terje Oksnes
2016-02-03 21:48:00 ; https://www.nettavisen.no/artikkel/ndures-forsvarer-krever-at-nytt-politidistrikt-overtar-saken/s/12-95-3423188280 ; author: Farid Ighoubah ; NNPF: Camilla Ek Sørensen
2016-02-05 07:55:00 ; https://www.nettavisen.no/artikkel/modell-siktet-i-ny-grov-narkosak-i-bergen/s/12-95-3423188838 ; author: Linda Nilsen/Bergensavisen ; NNPF: Sylvia Myklebust
2016-03-08 14:35:00 ; https://www.nettavisen.no/nyheter/elev-har-meldt-seg-etter-trusselen-mot-vollen/s/12-95-3423200886 ; author: NTB ; NNPF: Margrethe Furuvald Woie
2016-03-17 10:37:00 ; https://www.nettavisen.no/nyheter/finansmann-varetektsfengslet-i-narkosak/s/12-95-3423204270 ; author: NTB ; NNPF: Ketil Thue
2016-05-19 19:27:00 ; https://www.nettavisen.no/nyheter/innenriks/politiet-ville-nekte-voldsdomt-ndure-ankesak/s/12-95-3423225733 ; author: Farid Ighoubah ; NNPF: Camilla Ek Sørensen
2016-08-01 19:49:00 ; https://www.nettavisen.no/nyheter/innenriks/mann-knivstukket-i-asylmottak-i-hoyanger/s/12-95-3423247957 ; author: NTB ; NNPF: Malin Skeibrok Ånensen
2016-08-11 21:08:00 ; https://www.nettavisen.no/nyheter/politiinspektorens-kronikk-hylles-i-sosiale-medier-refses-av-ap-politiker/s/12-95-3423251232 ; author: Astrid Helen Holm ; NNPF: Thomas Utne Pettersen
2016-08-12 20:39:00 ; https://www.nettavisen.no/nyheter/innenriks/jeg-bryr-meg-ikke-om-det-er-asylsokere-eller-nordmenn-som-begar-voldtekt-det-er-like-galt-uansett/s/12-95-3423251548 ; author: Farid Ighoubah ; NNPF: Thomas Utne Pettersen
2016-09-07 19:36:00 ; https://www.nettavisen.no/nyheter/katt-funnet-dod-i-komfyr-i-bomlo/s/12-95-3423259924 ; author: NTB ; NNPF: Trond Børge Åsbu
2016-09-12 08:53:00 ; https://www.nettavisen.no/nyheter/frisor-domt-for-a-nekte-kvinne-med-hijab-adgang/s/12-95-3423261244 ; author: Heidi Schei Lilleås ; NNPF: Ann-Bjørg Ingebrigtsen
2016-09-12 09:53:00 ; https://www.nettavisen.no/na24/hodne-domt-i-hijab-saken-ikke-rasist/s/12-95-3423261298 ; author: NTB ; NNPF: Ann-Bjørg Ingebrigtsen
2016-09-30 15:42:00 ; https://www.nettavisen.no/nyheter/innenriks/christer-tromsdal-har-truet-barn-til-vitner-i-sak-med-brutalt-boligangrep/s/12-95-3423267989 ; author: Farid Ighoubah ; NNPF: Lisbeth Ravlo Backe
2016-10-25 07:36:00 ; https://www.nettavisen.no/nyheter/ansatt-pa-mottak-for-mindrearige-forsokt-voldtatt/s/12-95-3423276083 ; author: NTB ; NNPF: Anette Ertvåg
2017-02-15 10:04:00 ; https://www.nettavisen.no/nyheter/innenriks/samboerpar-siktet-for-drap-pa-familiemedlem/s/12-95-3423313277 ; author: NTB ; NNPF: Vanja Bruvoll
2017-03-25 21:32:00 ; https://www.nettavisen.no/nyheter/politiet-pagrep-13-aring-midt-i-skoletimen/s/12-95-3423326202 ; author: Aleksander Hømanberg/Romerikes Blad ; NNPF: Vidar Aasvangen
2017-04-04 11:19:00 ; https://www.nettavisen.no/nyheter/innenriks/gode-erfaringer-med-omvendt-voldsalarm/s/12-95-3423329274 ; author: NTB ; NNPF: Hans Christian Dragvoll
2017-04-06 10:21:00 ; https://www.nettavisen.no/nyheter/politiker-siktet-for-seksuelle-overgrep/s/12-95-3423330010 ; author: Linda Nilsen/Bergensavisen ; NNPF: Kristine Knutsen-Berge
2017-04-19 16:42:00 ; https://www.nettavisen.no/nyheter/innenriks/fafo-forsvarer-omstridt-tigger-rapport-etter-nrks-dokumentar/s/12-95-3423333183 ; author: Farid Ighoubah ; NNPF: Linda Ervik
2017-05-09 10:55:00 ; https://www.nettavisen.no/na24/politiet-etterforsker-mulig-korrupsjon-i-alesund/s/12-95-3423339050 ; author: NTB ; NNPF: Eivind Klokkersund
2017-05-17 16:24:00 ; https://www.nettavisen.no/nyheter/innenriks/bhatti-siktet-for-brudd-pa-vapenloven-pagrepet-kvelden-for-17-mai/s/12-95-3423341498 ; author: Farid Ighoubah ; NNPF: Anne Cathrine Ingulstad Aga
2017-05-21 13:29:00 ; https://www.nettavisen.no/nyheter/dykkerulykke-pa-nesodden/s/12-95-3423342516 ; author: NTB ; NNPF: Lisbeth Mjøsund
2017-05-30 08:12:00 ; https://www.nettavisen.no/nyheter/innenriks/to-kritisk-skadd-i-ulykke-i-sogn-og-fjordane/s/12-95-3423344897 ; author: Trond Lepperød ; NNPF: Gunnar Englund
2017-06-25 20:18:00 ; https://www.nettavisen.no/nyheter/innenriks/politiet-avfyrte-varselskudd-under-pagripelse-av-mann-med-kniv-i-tvedestrand/s/12-95-3423352205 ; author: NTB ; NNPF: Nils Erik Usterud
2017-09-21 16:37:00 ; https://www.nettavisen.no/nyheter/mafiarettssaken-en-mislykket-bobilferd-fikk-retten-til-a-le/s/12-95-3423374495 ; author: NTB ; NNPF: Geir Evanger
2017-09-21 16:37:00 ; https://www.nettavisen.no/nyheter/mafiarettssaken-en-mislykket-bobilferd-fikk-retten-til-a-le/s/12-95-3423374495 ; author: NTB ; NNPF: Line Steen Presthus
2017-10-02 10:41:00 ; https://www.nettavisen.no/nyheter/innenriks/tilstanden-kritisk-for-mann-som-ble-fastklemt-under-bil-i-bergen/s/12-95-3423377079 ; author: NTB ; NNPF: Tordis Kristin Myrseth
2017-11-08 14:18:00 ; https://www.nettavisen.no/nyheter/innenriks/onkel-skrue-rasende-i-retten-jeg-er-drittlei-pisset-deres/s/12-95-3423387885 ; author: Farid Ighoubah ; NNPF: Geir Evanger
2017-11-08 14:18:00 ; https://www.nettavisen.no/nyheter/innenriks/onkel-skrue-rasende-i-retten-jeg-er-drittlei-pisset-deres/s/12-95-3423387885 ; author: Farid Ighoubah ; NNPF: Line Steen Presthus
2017-11-08 23:11:00 ; https://www.nettavisen.no/nyheter/innenriks/drapssiktet-15-aring-skal-ha-begatt-nye-lovbrudd-i-fengselet/s/12-95-3423388143 ; author: Farid Ighoubah ; NNPF: Cecilie Pedersen Hille
2017-12-02 18:42:00 ; https://www.nettavisen.no/nyheter/innenriks/flere-pagrepet-etter-vapentyveri-i-trysil/s/12-95-3423394907 ; author: NTB ; NNPF: Henning Klauseie
2017-12-04 08:31:00 ; https://www.nettavisen.no/nyheter/kvinne-knivstukket-pa-bussholdeplass-pa-romerike-mann-pagrepet/s/12-95-3423395196 ; author: Espen Børrestuen/Romerikes Blad ; NNPF: Jane Lundstadsveen
2017-12-14 04:33:00 ; https://www.nettavisen.no/na24/kryptovault-i-stavanger-blir-trolig-norges-storste-bitcoin-utvinner/s/12-95-3423398279 ; author: Stig Martin Solberg ; NNPF: Rein-Owe Flister
2017-12-21 11:41:00 ; https://www.nettavisen.no/nyheter/innenriks/leteaksjon-etter-savnet-23-aring-i-sor-trondelag-fortsetter-fredag/s/12-95-3423400207 ; author: NTB ; NNPF: Arnt-Harald Aaslund
2018-01-04 16:57:00 ; https://www.nettavisen.no/nyheter/innenriks/frigir-navnet-pa-8-aring-som-dode-i-marker/s/12-95-3423403178 ; author: Kjetil Mæland ; NNPF: Kay Lund-Pettersen
2018-01-30 06:48:00 ; https://www.nettavisen.no/nyheter/norsk-kvinne-siktet-for-hallikvirksomhet/s/12-95-3423410924 ; author: NTB ; NNPF: Jan Christian Alvheim
2018-02-03 07:16:00 ; https://www.nettavisen.no/nyheter/innenriks/politiet-og-vektere-slar-alarm-om-okt-tafsing-og-klaing-pa-byen-i-bergen/s/12-95-3423412450 ; author: NTB ; NNPF: Bjørn Allan Bull Wingaard
2018-03-04 19:08:00 ; https://www.nettavisen.no/nyheter/innenriks/politimann-siktet-for-tyveri-av-narkotika-og-dopingmidler/s/12-95-3423421632 ; author: Farid Ighoubah ; NNPF: Kjell Kristian Ukkelberg
2018-04-09 21:20:00 ; https://www.nettavisen.no/nyheter/nittedal-drapssiktet-46-aring-loslatt-fra-varetekt/s/12-95-3423435562 ; author: NTB ; NNPF: Jane Lundstadsveen
2018-04-16 16:29:00 ; https://www.nettavisen.no/nyheter/innenriks/ni-gutter-og-menn-botelagt-for-spredning-av-nora-morks-nakenbilder/s/12-95-3423440089 ; author: Farid Ighoubah ; NNPF: Fredrik Borg Johannessen
2018-04-30 21:20:00 ; https://www.nettavisen.no/nyheter/innenriks/natteravnleder-i-oslo-ost-frykter-for-egen-sikkerhet/s/12-95-3423478003 ; author: Farid Ighoubah ; NNPF: John Roger Lund
2018-05-02 22:13:00 ; https://www.nettavisen.no/nyheter/hordaland-politiet-setter-inn-ekstra-mannskaper-for-a-beskytte-russen/s/12-95-3423479075 ; author: NTB ; NNPF: Endre Gorm Laukeland
2018-05-05 06:53:00 ; https://www.nettavisen.no/nyheter/politiet-flere-bortvisninger-fra-stavanger-og-haugesund-enn-fra-kongeparken/s/12-95-3423482535 ; author: NTB ; NNPF: Brit Randulff
2018-05-05 06:53:00 ; https://www.nettavisen.no/nyheter/politiet-flere-bortvisninger-fra-stavanger-og-haugesund-enn-fra-kongeparken/s/12-95-3423482535 ; author: NTB ; NNPF: Dyre Antonsen
2018-05-06 08:47:00 ; https://www.nettavisen.no/nyheter/innenriks/fire-russ-til-sykehus-etter-overdose-av-ghb/s/12-95-3423482893 ; author: NTB ; NNPF: Brit Randulff
2018-05-24 16:19:00 ; https://www.nettavisen.no/nyheter/innenriks/overgrepssiktelse-mot-omsorgsarbeider-henlagt/s/12-95-3423491552 ; author: NTB ; NNPF: Kristine Knutsen-Berge
2018-05-28 20:06:00 ; https://www.nettavisen.no/nyheter/innenriks/okokrim-koblet-inn-i-forbindelse-med-brannen-i-re/s/12-95-3423493420 ; author: NTB ; NNPF: Knut Erik Ågrav
2018-06-08 10:57:00 ; https://www.nettavisen.no/nyheter/innenriks/kjent-kriminell-varetektsfengslet-for-etablering-av-mc-klubb/s/12-95-3423498777 ; author: NTB ; NNPF: Mette Persen
2018-06-25 10:42:00 ; https://www.nettavisen.no/nyheter/innenriks/mann-fengslet-etter-knivepisode-i-skogn/s/12-95-3423506618 ; author: NTB ; NNPF: Åsta Elise Pedersen Elden
2018-06-28 11:38:00 ; https://www.nettavisen.no/nyheter/politiet-slar-alarm-minst-60-navngitte-elever-involvert-i-narkotikakriminalitet-ved-bodo-videregaende-skole/s/12-95-3423507997 ; author: Heidi Larsen/ Avisa Nordland ; NNPF: Knut Waldemar Solli
2018-06-29 10:10:00 ; https://www.nettavisen.no/nyheter/innenriks/kripos-betydelig-innforselsare-for-narkotika-avdekket/s/12-95-3423508417 ; author: NTB ; NNPF: Eivind Borge
2018-07-09 21:45:00 ; https://www.nettavisen.no/nyheter/trafikkulykke-i-sokndal-en-person-er-omkommet/s/12-95-3423512260 ; author: Lars Thorvaldsen ; NNPF: Rune Tallaksen
2018-08-01 21:07:00 ; https://www.nettavisen.no/nyheter/husbrann-i-brandbu-en-person-er-funnet-dod/s/12-95-3423520455 ; author: Siv Storløkken og Sissel Skjervum Bjerkehagen ; NNPF: Geir Ballangrud Hermansen
2018-08-30 08:57:00 ; https://www.nettavisen.no/nyheter/innenriks/ti-tiltalt-for-grov-dopingkriminalitet/s/12-95-3423531402 ; author: NTB ; NNPF: Hege Garberg Natland
2018-09-10 08:01:00 ; https://www.nettavisen.no/nyheter/innenriks/antall-mdma-beslag-okte-i-forste-halvar/s/12-95-3423535042 ; author: NTB ; NNPF: Elisabeth Drange
2018-09-12 11:00:00 ; https://www.nettavisen.no/na24/tidligere-nav-sjef-fikk-15-000-i-bot-for-snoking/s/12-95-3423535778 ; author: Farid Ighoubah ; NNPF: Aase Schartum-Hansen
2018-09-24 10:53:00 ; https://www.nettavisen.no/nyheter/innenriks/jenter-i-masseslagsmal-etter-blikking/s/12-95-3423539773 ; author: Kjetil Mæland ; NNPF: Hilde Herstad
2018-10-09 11:26:00 ; https://www.nettavisen.no/nyheter/innenriks/politiet-etterforsker-dyremishandling-rein-fikk-kjeven-knust-av-rifleskudd/s/12-95-3423545222 ; author: Thor Harald Henriksen/Nordlys ; NNPF: Inger Anita Øvregård
2018-10-19 14:47:00 ; https://www.nettavisen.no/nyheter/innenriks/skjerpet-sikkerhet-i-narkosak-der-hovedtiltalt-er-domt-for-bestillingsdrapet-pa-ensjo/s/12-95-3423549141 ; author: NTB ; NNPF: Terje Krogstad
2018-11-27 19:07:00 ; https://www.nettavisen.no/nyheter/innenriks/tolvaring-kjopte-lsd-i-stavanger-sentrum/s/12-95-3423563413 ; author: NTB ; NNPF: Kathrine Sæland Rotseth
2018-11-28 05:52:00 ; https://www.nettavisen.no/nyheter/innenriks/ingen-pagrepet-etter-voldsepisode-i-trondheim/s/12-95-3423563513 ; author: NTB ; NNPF: Solfrid Lægdheim
2019-01-15 15:46:00 ; https://www.nettavisen.no/nyheter/innenriks/over-5-000-ble-tvangsutsendt-fra-norge-i-2018/s/12-95-3423580612 ; author: NTB ; NNPF: Hege Naustdal
2019-01-25 09:59:00 ; https://www.nettavisen.no/nyheter/ungdom-avtaler-masseslagsmal-politiet-overvaker-snapchat/s/12-95-3423584996 ; author: Trond Lepperød ; NNPF: Anne Kathrine Hofseth Gundersen
2019-01-26 17:29:00 ; https://www.nettavisen.no/nyheter/norsk-kvinne-savnet-i-spania/s/12-95-3423585560 ; author: NTB ; NNPF: Bjarte Schrøen
2019-02-07 09:49:00 ; https://www.nettavisen.no/na24/politiet-etterforsket-300-roser-fra-mangemillionar/s/12-95-3423590293 ; author: Kjetil Mæland ; NNPF: John Lode Roscoe
2019-02-23 21:22:00 ; https://www.nettavisen.no/nyheter/innenriks/flere-pagripelser-i-omfattende-narkosak-i-oslo/s/12-95-3423597079 ; author: NTB ; NNPF: Vegar Munthe Ommedal
2019-03-26 13:24:00 ; https://www.nettavisen.no/nyheter/to-personer-bekreftet-omkommet-etter-snoskred-i-sorfold-i-nordland/s/12-95-3423635192 ; author: Nina Lorvik ; NNPF: Bent Are Eilertsen
2019-04-25 15:06:00 ; https://www.nettavisen.no/nyheter/innenriks/politiet-vil-apne-grav-i-soket-etter-trine-frantzen/s/12-95-3423676693 ; author: NTB ; NNPF: Tore Salvesen
2019-05-15 10:28:00 ; https://www.nettavisen.no/nyheter/innenriks/politiet-gjenopptar-sok-etter-trine-frantzen-torsdag/s/12-95-3423685109 ; author: NTB ; NNPF: Tore Salvesen
2019-05-15 10:28:00 ; https://www.nettavisen.no/nyheter/innenriks/politiet-gjenopptar-sok-etter-trine-frantzen-torsdag/s/12-95-3423685109 ; author: NTB ; NNPF: Trine Frantzen
2019-06-04 19:56:00 ; https://www.nettavisen.no/nyheter/innenriks/ingen-funn-etter-trine-frantzen-pa-gravplassen-sok-avsluttet/s/12-95-3423693985 ; author: NTB ; NNPF: Tore Salvesen
2019-06-04 19:56:00 ; https://www.nettavisen.no/nyheter/innenriks/ingen-funn-etter-trine-frantzen-pa-gravplassen-sok-avsluttet/s/12-95-3423693985 ; author: NTB ; NNPF: Trine Frantzen
2019-07-04 07:05:00 ; https://www.nettavisen.no/nyheter/arfan-bhatti-har-sendt-krav-om-301-000-kroner-i-nav-penger-fra-staten/s/12-95-3423809338 ; author: Farid Ighoubah ; NNPF: Anne Cathrine Ingulstad Aga
2019-07-08 09:11:00 ; https://www.nettavisen.no/nyheter/nordmann-siktet-for-en-rekke-grove-nettovergrep-mot-barn-pa-filippinene/s/12-95-3423811982 ; author: Farid Ighoubah ; NNPF: Linn Rognli Hansen
2019-07-30 11:20:00 ; https://www.nettavisen.no/nyheter/mann-omkom-i-storelva-i-orsta/s/12-95-3423821714 ; author: NTB ; NNPF: Frode Halse Digernes
2019-08-02 17:43:00 ; https://www.nettavisen.no/nyheter/innenriks/mann-76-funnet-dod-under-gressklipper/s/12-95-3423823007 ; author: NTB ; NNPF: Toralv Skårland
2019-08-05 21:37:00 ; https://www.nettavisen.no/nyheter/innenriks/mann-skutt-og-drept-i-en-politiaksjon-pa-jaren/s/12-95-3423824010 ; author: NTB ; NNPF: Geir Ballangrud Hermansen
2019-08-20 08:20:00 ; https://www.nettavisen.no/nyheter/innenriks/antall-narkotikasaker-okte-for-forste-gang-pa-fem-ar/s/12-95-3423832059 ; author: NTB ; NNPF: Kari Frey Solvik
2019-09-11 19:47:00 ; https://www.nettavisen.no/nyheter/politiet-med-advarsel-gutter-ned-i-10-arsalderen-raner-tilfeldige-unge/s/12-95-3423843921 ; author: Trine Solberg ; NNPF: Kathrine Sæland Rotseth
2019-09-14 08:55:00 ; https://www.nettavisen.no/nyheter/innenriks/tine-bygg-i-trondheim-ble-evakuert-etter-ammoniakk-lekkasje/s/12-95-3423845502 ; author: NTB ; NNPF: Ellen Maria Brende
2019-09-23 11:51:00 ; https://www.nettavisen.no/nyheter/polititopp-innledet-forhold-til-kollega-beordres-til-ny-jobb/s/12-95-3423849947 ; author: Heidi Schei Lilleås ; NNPF: Ida Melbo Øystese
2019-10-11 09:23:00 ; https://www.nettavisen.no/nyheter/torpedo-om-mulig-fengselsdom-da-bytter-jeg-bare-den-sengen-jeg-har-i-dag-til-en-annen/s/12-95-3423860151 ; author: Farid Ighoubah ; NNPF: Terje Nedrebø Michelsen
2019-11-26 14:18:00 ; https://www.nettavisen.no/nyheter/innenriks/to-menn-pagrepet-i-bodo-etterlyst-for-drap-i-sverige/s/12-95-3423884643 ; author: NTB ; NNPF: Knut Waldemar Solli
2019-11-26 14:54:00 ; https://www.nettavisen.no/nyheter/politiet-tre-menn-spredte-nakenbilder-av-nora-mork-ma-mote-i-retten/s/12-95-3423882420 ; author: Farid Ighoubah ; NNPF: Fredrik Borg Johannessen
2019-12-27 14:06:00 ; https://www.nettavisen.no/nyheter/naken-mann-i-alesund-sentrum/s/12-95-3423901827 ; author: Anders Lohne Fosse ; NNPF: Sindre Molnes
2019-12-31 08:46:00 ; https://www.nettavisen.no/nyheter/innenriks/mann-tatt-med-sekk-full-av-narkotika-i-oslo/s/12-95-3423902860 ; author: NTB ; NNPF: Terje Nedrebø Michelsen
2020-01-10 17:59:00 ; https://www.nettavisen.no/club4/sexklubb/sex/politiet-etterlyser-tips-i-club4-saken-vi-ser-alvorlig-pa-det-som-har-kommet-fram/s/5-95-71643 ; author: Vanja S. Holst, Thomas Tangen, Karina Lein, Stein Nervik og Sigurd Øfsti. Tips oss på: sigurd@nettavisen.no ; NNPF: John Ola Volden
2020-01-10 17:59:00 ; https://www.nettavisen.no/club4/sexklubb/sex/politiet-etterlyser-tips-i-club4-saken-vi-ser-alvorlig-pa-det-som-har-kommet-fram/s/5-95-71643 ; author: Vanja S. Holst, Thomas Tangen, Karina Lein, Stein Nervik og Sigurd Øfsti. Tips oss på: sigurd@nettavisen.no ; NNPF: Per Morten Brobakke
2020-02-06 12:19:00 ; https://www.nettavisen.no/club4/sexklubb/sex/politiet-starter-etterforskning-av-club4-saken/s/5-95-75061 ; author: Thomas Tangen ; NNPF: Per Morten Brobakke
2020-02-18 11:44:00 ; https://www.nettavisen.no/nyheter/flere-ungdommer-har-testet-positivt-pa-dodsdop/s/12-95-3423925164 ; author: Anders Lohne Fosse ; NNPF: Tor-Ragnar Steffensen
2020-05-18 09:21:00 ; https://www.nettavisen.no/nyheter/innleder-sok-etter-savnet-person-i-gruver-i-arendal/s/12-95-3423969752 ; author: Trond Lepperød ; NNPF: Tor Inge Omland
2020-05-18 09:21:00 ; https://www.nettavisen.no/nyheter/innleder-sok-etter-savnet-person-i-gruver-i-arendal/s/12-95-3423969752 ; author: Trond Lepperød ; NNPF: Vanja Bruvoll
2020-05-29 15:07:00 ; https://www.nettavisen.no/okonomi/olsen-er-lei-men-kamplysten-jeg-kan-ikke-gi-meg-pa-dette/s/12-95-3423975325 ; author: Morten Solli ; NNPF: Roger Olsen
2020-07-03 15:24:00 ; https://www.nettavisen.no/nyheter/politiet-har-gatt-ut-med-skrekkvideo-dette-kunne-ha-gatt-veldig-galt/s/12-95-3423990776 ; author: Mario Andrés Neira Torres ; NNPF: Erik Mørkved
2020-07-20 14:05:00 ; https://www.nettavisen.no/nyheter/dodsulykke-pa-industriomrade-i-trondelag/s/12-95-3423996391 ; author: Anders Lohne Fosse ; NNPF: Roger Olsen
2020-07-20 14:05:00 ; https://www.nettavisen.no/nyheter/dodsulykke-pa-industriomrade-i-trondelag/s/12-95-3423996391 ; author: Anders Lohne Fosse ; NNPF: Solfrid Lægdheim
2020-08-13 08:09:00 ; https://www.nettavisen.no/nyheter/krangler-om-huset-til-tom-hagen-advokaten-reagerer-pa-opplysninger-som-kom-frem-i-retten/s/12-95-3424004670 ; author: Farid Ighoubah ; NNPF: Christer Svane Andersson
2020-08-13 08:09:00 ; https://www.nettavisen.no/nyheter/krangler-om-huset-til-tom-hagen-advokaten-reagerer-pa-opplysninger-som-kom-frem-i-retten/s/12-95-3424004670 ; author: Farid Ighoubah ; NNPF: Jane Lundstadsveen
2020-08-14 13:38:00 ; https://www.nettavisen.no/nyheter/politiet-far-beholde-huset-tom-hagen-far-ikke-flytte-hjem-for-13-november/s/12-95-3424005399 ; author: Farid Ighoubah ; NNPF: Christer Svane Andersson
2020-08-14 22:22:00 ; https://www.nettavisen.no/sport/northug-bekrefter-kokain-funn-i-eget-hjem-etter-rakjoring/s/12-95-3424005680 ; author: Adrian Richvoldsen ; NNPF: Tom Sandberg
2020-08-24 21:14:00 ; https://www.nettavisen.no/nyheter/eirik-jensen-leverte-anmeldelse-fra-cellen-dette-er-de-ti-punktene-han-tar-opp/s/12-95-3424006108 ; author: Farid Ighoubah ; NNPF: Janne Danielsen
2020-10-19 13:15:00 ; https://www.nettavisen.no/nyheter/innenriks/dod-person-funnet-i-brannruiner-i-aremark/s/12-95-3424034188 ; author: NTB ; NNPF: Svein Brage Husdal
2020-11-10 14:35:00 ; https://www.nettavisen.no/nyheter/innenriks/tre-personer-pagrepet-i-politiaksjon-i-kristiansand/s/12-95-3424044670 ; author: NTB ; NNPF: Morten Sjustøl
2020-11-12 12:55:00 ; https://www.nettavisen.no/nyheter/politiet-advarer-mot-livsfarlige-tabletter-i-omlop-i-nordland/s/12-95-3424046067 ; author: NTB ; NNPF: Finn Erik Rødsand
2020-11-28 03:16:00 ; https://www.nettavisen.no/nyheter/innenriks/en-person-alvorlig-skadd-i-eksplosjon-i-ovre-eiker/s/12-95-3424053975 ; author: NTB ; NNPF: Ottar Steinstø
2020-12-01 14:11:00 ; https://www.nettavisen.no/nyheter/innenriks/to-pagrepet-i-skien-for-et-av-de-storste-hasjbeslagene-i-norge/s/12-95-3424055559 ; author: NTB ; NNPF: Odd Skei Kostveit
2020-12-10 19:39:00 ; https://www.nettavisen.no/nyheter/kvinne-alvorlig-skadd-etter-a-ha-kjort-i-grofta-under-politijakt/s/12-95-3424059999 ; author: Trine Solberg ; NNPF: Ottar Steinstø
2020-12-27 13:21:00 ; https://www.nettavisen.no/sport/tanken-pa-a-drive-med-noe-annet-enn-handball-har-ikke-slatt-meg-og-haper-ikke-den-slar-meg-heller/s/12-95-3424048959 ; author: Siri Jonhaugen ; NNPF: Christian Berge
2021-01-22 21:03:00 ; https://www.nettavisen.no/livsstil/slatt-ut-av-mesternes-mester-jeg-hadde-ikke-mer-a-gi/s/12-95-3424077820 ; author: Vilde Holta Røssland ; NNPF: Linda Medalen
2021-01-26 11:43:00 ; https://www.nettavisen.no/nyheter/innenriks/interpol-koblet-inn-etter-at-dodt-barn-ble-funnet-i-kjeledress-i-sjokanten-pa-karmoy/s/12-95-3424079918 ; author: NTB ; NNPF: Linn Tove Strand
2021-02-16 23:31:00 ; https://www.nettavisen.no/nyheter/innenriks/mistenkelig-gjenstand-ved-oslo-s-var-ufarlig/s/12-95-3424089818 ; author: NTB ; NNPF: Øyvind Schalla-Aasen
2021-03-17 13:02:00 ; https://www.nettavisen.no/nyheter/innenriks/storbrann-i-risor-skyldtes-elektrisk-feil/s/12-95-3424103108 ; author: NTB ; NNPF: Steffen Wam Schneider
2021-03-21 08:49:00 ; https://www.nettavisen.no/nyheter/innenriks/mangel-pa-redningshunder-flere-steder-i-landet/s/12-95-3424104828 ; author: NTB ; NNPF: Kristine Hefre Tobro
2021-04-09 09:55:00 ; https://www.nettavisen.no/nyheter/video-av-intim-politiransakelse-spres-pa-sosiale-medier-vekker-kraftige-reaksjoner/s/12-95-3424111571 ; author: Anders Zerener ; NNPF: Geir Evanger
2021-04-20 22:13:00 ; https://www.nettavisen.no/nyheter/innenriks/festarrangor-i-bergen-nekter-a-betale-koronabot/s/12-95-3424117103 ; author: NTB ; NNPF: Øivind Rune Bjørkås
2021-04-22 10:49:00 ; https://www.nettavisen.no/nyheter/innenriks/lik-funnet-i-tvedestrand-var-tysk-kvinne/s/12-95-3424117780 ; author: NTB ; NNPF: Steffen Wam Schneider
2021-06-01 21:11:00 ; https://www.nettavisen.no/okonomi/omstridt-politiforening-fikk-millioner-i-offentlige-midler-til-kurs-og-konferanser/s/12-95-3424134689 ; author: Henrik Heldahl ; NNPF: Geir Evanger
2021-06-01 21:11:00 ; https://www.nettavisen.no/okonomi/omstridt-politiforening-fikk-millioner-i-offentlige-midler-til-kurs-og-konferanser/s/12-95-3424134689 ; author: Henrik Heldahl ; NNPF: Kristine Olsen Moss
2021-06-07 13:16:00 ; https://www.nettavisen.no/nyheter/innenriks/identiteten-bekreftet-pa-barnet-som-ble-funnet-pa-karmoy/s/12-95-3424137740 ; author: NTB ; NNPF: Camilla Tjelle Waage
2021-06-08 10:38:00 ; https://www.nettavisen.no/nyheter/innenriks/kripos-sju-personer-pagrepet-i-norge-i-internasjonal-operasjon/s/12-95-3424138099 ; author: NTB ; NNPF: Morten Stene
2021-06-09 10:52:00 ; https://www.nettavisen.no/nyheter/ni-pagrepet-i-norge-i-internasjonal-operasjon-kan-bli-flere/s/12-95-3424138563 ; author: Kjetil Bortelid Mæland ; NNPF: Morten Stene
2021-06-22 10:31:00 ; https://www.nettavisen.no/nyheter/politidirektoratet-gransker-utbetalinger-til-norsk-narkotikapolitiforening/s/12-95-3424145259 ; author: Henrik Heldahl ; NNPF: Kristine Olsen Moss
2021-06-24 12:07:00 ; https://www.nettavisen.no/nyheter/innenriks/narkotikanettverk-med-trolig-arelange-leveranser-til-nord-norge-avdekket/s/12-95-3424146538 ; author: NTB ; NNPF: Yngve Myrvoll
2021-06-30 22:23:00 ; https://www.nettavisen.no/nyheter/innenriks/etterforskning-iverksatt-etter-at-kvinne-ble-funnet-dod-pa-geilo/s/12-95-3424149379 ; author: NTB ; NNPF: Kari Birgit Møllerplass
2021-07-09 19:53:00 ; https://www.nettavisen.no/nyheter/eirik-jensen-hevder-han-er-rammet-av-ulovlige-politimetoder/s/12-95-3424148022 ; author: Farid Ighoubah ; NNPF: Janne Danielsen
2021-07-09 19:53:00 ; https://www.nettavisen.no/nyheter/eirik-jensen-hevder-han-er-rammet-av-ulovlige-politimetoder/s/12-95-3424148022 ; author: Farid Ighoubah ; NNPF: Lisbeth Ravlo Backe
2021-07-14 13:52:00 ; https://www.nettavisen.no/nyheter/innenriks/politiaksjon-mot-hells-angels-i-tromso-en-person-pagrepet/s/12-95-3424154613 ; author: NTB ; NNPF: Daniel Kvalsund
2021-07-14 14:26:00 ; https://www.nettavisen.no/nyheter/skal-ha-truet-politiansatt-utloste-vapnet-politiaksjon-mot-hells-angels/s/12-95-3424154660 ; author: Edvard Ruggesæter Ertesvåg ; NNPF: Daniel Kvalsund
2021-07-29 15:46:00 ; https://www.nettavisen.no/bokanmeldelse/roman/krim/veldig-bra-veldig-skremmende/r/5-95-268616 ; author: Tor Hammerø ; NNPF: Terje Bjøranger
2021-08-12 13:15:00 ; https://www.nettavisen.no/nyheter/det-er-skadene-og-elendigheten-narkotika-medforer-som-er-fienden-ikke-nnpf/s/12-95-3424166418 ; author: Hanne-Karine Sperre ; NNPF: Gjermund Strømve
2021-08-12 13:15:00 ; https://www.nettavisen.no/nyheter/det-er-skadene-og-elendigheten-narkotika-medforer-som-er-fienden-ikke-nnpf/s/12-95-3424166418 ; author: Hanne-Karine Sperre ; NNPF: Jan Erik Bresil
2021-08-13 18:45:00 ; https://www.nettavisen.no/nyheter/hoyskolelektor-norsk-narkotikapolitiforening-har-odelagt-sitt-omdomme/s/12-95-3424166847 ; author: Hanne-Karine Sperre ; NNPF: Jan Erik Bresil
2021-08-27 09:45:00 ; https://www.nettavisen.no/nyheter/innenriks/stort-fall-i-antall-narkobeslag-mye-mindre-partydop/s/12-95-3424172150 ; author: NTB ; NNPF: Kari Frey Solvik
2021-09-01 15:24:00 ; https://www.nettavisen.no/nyheter/innenriks/person-funnet-pa-lillehammer-dode-av-drukning/s/12-95-3424174344 ; author: NTB ; NNPF: Liv Hilde Nytrøen
2021-09-05 12:12:00 ; https://www.nettavisen.no/nyheter/harald-dale-reagerte-pa-nyheten-om-pagripelsen-det-var-som-et-sjokk-jeg-fikk-frysninger/s/12-95-3424175658 ; author: Farid Ighoubah ; NNPF: Harald Dale
2021-10-11 01:38:00 ; https://www.nettavisen.no/nyheter/innenriks/tre-siktet-for-ran-av-tenaringsgutter-pa-jaren/s/12-95-3424188986 ; author: NTB ; NNPF: Olaug Bjørnsen
2021-10-25 15:42:00 ; https://www.nettavisen.no/nyheter/innenriks/mortensrud-siktet-varetektsfengslet-i-fire-uker/s/12-95-3424194752 ; author: NTB ; NNPF: Børge Enoksen
2021-11-02 00:06:00 ; https://www.nettavisen.no/nyheter/innenriks/mann-knivstukket-pa-oslo-s/s/12-95-3424199495 ; author: NTB ; NNPF: Bjørn Gunnar Nysæter
2021-11-05 10:34:00 ; https://www.nettavisen.no/nyheter/innenriks/politiet-mannen-som-ble-drept-i-tonsberg-ble-overvaket-i-flere-dager/s/12-95-3424201220 ; author: NTB ; NNPF: Fredrik Borg Johannessen
2021-11-25 20:53:00 ; https://www.nettavisen.no/nyheter/innenriks/politiet-gjor-nye-dna-analyser-i-birgitte-tengs-saken/s/12-95-3424210847 ; author: NTB ; NNPF: Fredrik Martin Soma
2021-12-01 17:23:00 ; https://www.nettavisen.no/nyheter/rorte-tv-seerne-under-debatten-na-melder-mange-seg-for-a-hjelpe/s/12-95-3424213496 ; author: Mario Andrés Neira Torres ; NNPF: Frank Salvesen
2021-12-04 03:38:00 ; https://www.nettavisen.no/nyheter/innenriks/fem-menn-i-arresten-etter-ran-i-porsgrunn/s/12-95-3424214840 ; author: NTB ; NNPF: Jan Kristian Johnsrud
2021-12-29 20:12:00 ; https://www.nettavisen.no/okonomi/regningen-for-desember-strommen-er-klar-som-a-betale-100-kroner-for-et-brod/s/12-95-3424225168 ; author: Morten Solli ; NNPF: Frank Salvesen
2022-01-14 08:23:00 ; https://www.nettavisen.no/norsk-debatt/lognene-om-kraftkablene/o/5-95-373467 ; author: Kjell Erik Eilertsen ; NNPF: Erik Eilertsen
2022-01-20 20:47:00 ; https://www.nettavisen.no/nyheter/innenriks/mann-i-elektrisk-rullestol-pakjort-i-80-sone/s/12-95-3424234517 ; author: NTB ; NNPF: Brit Randulff
2022-01-22 11:23:00 ; https://www.nettavisen.no/nyheter/gjorde-oppsiktsvekkende-funn-i-skogen-kan-fore-til-dod/s/12-95-3424234835 ; author: Håvard Hjorthaug Vege ; NNPF: Endre Gorm Laukeland
2022-02-05 07:36:00 ; https://www.nettavisen.no/nyheter/innenriks/mann-pagrepet-for-truende-oppforsel-mot-tilfeldige-kvinner-i-oslo/s/12-95-3424240936 ; author: NTB ; NNPF: Bjørn Gunnar Nysæter
2022-02-11 22:03:00 ; https://www.nettavisen.no/sport/torbjornsen-kommer-med-klar-beskjed-om-skandinaviske-spillere-forventer-mer-enn-det-som-er-realistisk/s/12-95-3424205806 ; author: Daniel Austerheim ; NNPF: Stig Thorbjørnsen
2022-03-20 07:28:00 ; https://www.nettavisen.no/nyheter/politiet-i-nordland-har-startet-arbeidet-pa-havaristedet/s/12-95-3424258067 ; author: NTB–Fredrik Moen Gabrielsen ; NNPF: Kristian Vikran Karlsen
2022-03-20 12:49:00 ; https://www.nettavisen.no/nyheter/innenriks/politiet-krimteknikere-er-framme-ved-det-havarerte-militarflyet-i-nordland/s/12-95-3424258160 ; author: NTB ; NNPF: Kristian Vikran Karlsen
2022-03-31 09:55:00 ; https://www.nettavisen.no/nyheter/la-dod-i-solstudio-i-seks-dager-tragisk/s/5-95-435677 ; author: Håvard Wannebo ; NNPF: Cathrine Lund
2022-04-22 15:59:00 ; https://www.nettavisen.no/nyheter/kongsbergdrapene-kastet-kniv-mot-politiet-for-pagripelsen/s/5-95-458562 ; author: Arild R Hansen ; NNPF: Odd Skei Kostveit
2022-04-22 15:59:00 ; https://www.nettavisen.no/nyheter/kongsbergdrapene-kastet-kniv-mot-politiet-for-pagripelsen/s/5-95-458562 ; author: Arild R Hansen ; NNPF: Per Thomas Omholt
2022-04-25 10:35:00 ; https://www.nettavisen.no/nyheter/tre-pagrepet-oljeaksjonister-trosset-politiet/s/5-95-460865 ; author: NTB ; NNPF: Andreas Mørkve
2022-06-02 21:25:00 ; https://www.nettavisen.no/nyheter/innenriks/straffedomt-mann-har-meldt-seg-for-politiet-etter-skytingen-pa-mortensrud/s/12-95-3424280469 ; author: NTB ; NNPF: Per Thomas Omholt
2022-06-09 14:02:00 ; https://www.nettavisen.no/nyheter/mann-dode-etter-arbeidsulykke-falt-ned-fra-lift/s/5-95-524486 ; author: Esben Sand Aasen ; NNPF: Olaug Bjørnsen
2022-06-16 13:20:00 ; https://www.nettavisen.no/okonomi/vernepleier-morten-35-om-hoyere-pensjonsalder-jeg-tror-ikke-jeg-holder-sa-lenge/s/5-95-534083 ; author: Magnus Ekeli Mullis ; NNPF: Morten Tobiassen
2022-06-23 01:17:00 ; https://www.nettavisen.no/nyheter/innenriks/voldshendelse-i-grimstad-gjerningsperson-pa-frifot/s/12-95-3424285969 ; author: NTB ; NNPF: John Repstad
2022-07-04 18:20:00 ; https://www.nettavisen.no/nyheter/tenaringsgutt-skal-ha-voldtatt-kvinne-pa-barnevernsinstitusjon/s/12-95-3424289823 ; author: Trond Lepperød ; NNPF: Terje Kaddeberg Skaar
2022-08-30 10:13:00 ; https://www.nettavisen.no/nyheter/avisrunden-her-er-det-lov-a-bade-men-bare-hvis-ingen-er-pa-hytta/s/5-95-625951 ; author: Tormod Malvin Sæther ; NNPF: Brynhild Lyssand Eide
2022-09-03 07:26:00 ; https://www.nettavisen.no/nyheter/jorgen-39-ble-voldtatt-som-barn-vakner-fortsatt-med-smerter-i-rumpa/s/5-95-602866 ; author: Kjetil Bortelid Mæland ; NNPF: Jørgen Hansen
2022-09-09 20:16:00 ; https://www.nettavisen.no/nyheter/innenriks/mann-avhort-om-snikfilming-i-garderobe-i-horten/s/12-95-3424310185 ; author: NTB ; NNPF: Hilde Loftesnes
2022-09-13 19:37:00 ; https://www.nettavisen.no/nyheter/apnet-opp-om-voldtekt-det-er-sa-mye-kjarlighet-der-ute/s/5-95-637426 ; author: Kjetil Bortelid Mæland ; NNPF: Jørgen Hansen
2022-09-14 09:32:00 ; https://www.nettavisen.no/nyheter/innenriks/mann-domt-til-tvungent-psykisk-helsevern-for-knivdrap-i-trondheim/s/12-95-3424311467 ; author: NTB ; NNPF: Eli Reberg Nessimo
2022-09-21 09:03:00 ; https://www.nettavisen.no/nyheter/innenriks/mann-alvorlig-skadd-i-mc-ulykke-i-fredrikstad/s/12-95-3424316282 ; author: NTB ; NNPF: Lisbeth Mjøsund
2022-09-27 09:25:00 ; https://www.nettavisen.no/nyheter/innenriks/mann-alvorlig-skadd-etter-skytehendelse-pa-torshov-i-oslo-kan-vare-selvpafort/s/12-95-3424318327 ; author: NTB ; NNPF: Lene Owren Furuli
2022-10-01 13:20:00 ; https://www.nettavisen.no/nyheter/innenriks/brann-pa-bensinstasjon-i-koppang-i-stor-elvdal-er-slokket/s/12-95-3424319506 ; author: NTB ; NNPF: Ove Stian Ovrum
2022-10-04 16:22:00 ; https://www.nettavisen.no/nyheter/innenriks/person-siktet-for-kroppskrenkelse-i-savnetsak-i-trondelag/s/12-95-3424320233 ; author: NTB ; NNPF: Bente Bøklepp
2022-10-07 17:19:00 ; https://www.nettavisen.no/nyheter/innenriks/politiet-trapper-ned-soket-etter-savnede-i-rennebu/s/12-95-3424321360 ; author: NTB ; NNPF: Bente Bøklepp
2022-10-13 18:07:00 ; https://www.nettavisen.no/nyheter/innenriks/russer-pa-vei-ut-av-norge-med-to-droner-pagrepet-pa-storskog/s/12-95-3424323104 ; author: NTB ; NNPF: Anja Mikkelsen Indbjør
2022-10-14 00:24:00 ; https://www.nettavisen.no/nyheter/innenriks/drone-skal-vare-observert-ved-gassanlegg-nord-i-rogaland/s/12-95-3424323338 ; author: NTB ; NNPF: Fritz Arne Lilleskog
2022-10-26 14:21:00 ; https://www.nettavisen.no/nyheter/innenriks/46-aring-som-ble-funnet-dod-i-rennebu-dode-av-drukning/s/12-95-3424327057 ; author: NTB ; NNPF: Bente Bøklepp

